DATE,temperature,wind_speed,solar_irradiance,biomass_energy
2022-01-01,0.1317215506461027,0.242024202420242,0.506543719634077,0.623693184933156
2022-01-02,0.1042100875364735,0.2508250825082508,0.4969579363574024,0.4755086074012504
2022-01-03,0.1083784910379325,0.2112211221122112,0.5421292986474854,0.3711256773779623
2022-01-04,0.0842017507294706,0.2189218921892189,0.529771371044223,0.3603209405638663
2022-01-05,0.0950395998332638,0.1738173817381738,0.5290710398459272,0.2389916322249545
2022-01-06,0.1688203418090871,0.088008800880088,0.5268241439180612,0.5544313802972138
2022-01-07,0.1875781575656524,0.154015401540154,0.5300048147769882,0.4328181585588051
2022-01-08,0.2159233013755732,0.1298129812981298,0.5662907249886926,0.2636953195711651
2022-01-09,0.2630262609420593,0.0539053905390538,0.5737463342038839,0.4220851326121551
2022-01-10,0.2942892872030013,0.0066006600660065,0.4562365952231576,0.349423940744638
2022-01-11,0.2796998749478949,0.1067106710671066,0.4011876449904434,0.2662988759149738
2022-01-12,0.2155064610254272,0.0968096809680968,0.1833116911539415,0.3672974468438399
2022-01-13,0.2096706961233847,0.154015401540154,0.4000641970265104,0.4513772088900059
2022-01-14,0.1829929137140474,0.2145214521452145,0.0892192766162331,0.3205698638671497
2022-01-15,0.1400583576490205,0.2332233223322332,0.428923678489619,0.5124886288731625
2022-01-16,0.1046269278866194,0.33003300330033,0.5048366623382308,0.4884526167922298
2022-01-17,0.0437682367653189,0.253025302530253,0.5155167131122427,0.5500702220347771
2022-01-18,0.0333472280116715,0.209020902090209,0.5433111075446097,0.3750775836504576
2022-01-19,0.0875364735306377,0.1991199119911991,0.5270721778841244,0.4305170955322792
2022-01-20,0.1125468945393914,0.1298129812981298,0.4867010023490276,0.5332933475416459
2022-01-21,0.2109212171738225,0.0,0.3474664059878317,0.3328771645224948
2022-01-22,0.2430179241350563,0.1210121012101209,0.2537971082157603,0.5092056710335422
2022-01-23,0.2738641100458524,0.2365236523652365,0.2007178394782532,0.6348634755315778
2022-01-24,0.2451021258857858,0.1397139713971397,0.2331081573994368,0.3162609530712506
2022-01-25,0.2505210504376823,0.0209020902090209,0.4510424721691299,0.427773562145348
2022-01-26,0.2246769487286368,0.0946094609460946,0.389179882986329,0.5100201710798133
2022-01-27,0.1304710295956649,0.2629262926292629,0.4540188797618874,0.3802132978131471
2022-01-28,0.0304293455606503,0.2156215621562156,0.5450327550737537,0.3942716560676951
2022-01-29,0.0141725719049604,0.2497249724972497,0.565313179357738,0.6211950694740485
2022-01-30,0.0762817840766986,0.132013201320132,0.5762996250310042,0.4152382276543247
2022-01-31,0.16548561900792,0.1441144114411441,0.6119143845110084,0.5164398807137152
2022-02-01,0.2159233013755732,0.1364136413641364,0.5962298837158406,0.5886073512756558
2022-02-02,0.2767819924968736,0.0022002200220021,0.598009892178176,0.1762059790032648
2022-02-03,0.271779908295123,0.2563256325632563,0.418943958913903,0.4607319267984555
2022-02-04,0.3226344310129221,0.5192519251925192,0.1106815097973416,0.5045671526151054
2022-02-05,0.173405585660692,0.3091309130913091,0.6425538744364523,0.5553445508322723
2022-02-06,0.1129637348895373,0.1298129812981298,0.6777163366842236,0.4181411092698766
2022-02-07,0.1513130471029596,0.0473047304730473,0.637155488116255,0.3124056112065636
2022-02-08,0.2188411838265944,0.0253025302530252,0.5796991493893987,0.4915840438902517
2022-02-09,0.2613588995414757,0.0429042904290428,0.501641401246006,0.5380358670945102
2022-02-10,0.287203001250521,0.176017601760176,0.2300296181735945,0.392377402810089
2022-02-11,0.2396832013338892,0.2431243124312431,0.386757904258889,0.3019996673700917
2022-02-12,0.1879949979157982,0.1188118811881188,0.6372284392827442,0.5069496299499707
2022-02-13,0.1617340558566069,0.2013201320132013,0.7428763185923343,0.5829845196206282
2022-02-14,0.1859107961650687,0.1815181518151815,0.7220706459096281,0.5290726720197416
2022-02-15,0.216340141725719,0.1188118811881188,0.7358730066093757,0.3826296092794401
2022-02-16,0.2267611504793664,0.1210121012101209,0.6855221114985628,0.5704935199190195
2022-02-17,0.2801167152980409,0.1342134213421342,0.5999795736733831,0.4877059158952028
2022-02-18,0.2709462275948312,0.1364136413641364,0.6099155225492056,0.5080871278561605
2022-02-19,0.2688620258441018,0.1408140814081408,0.6797443791126221,0.4315090418250726
2022-02-20,0.3038766152563569,0.2574257425742574,0.241687214578561,0.6291082582439611
2022-02-21,0.2847019591496457,0.1925192519251925,0.6426997767694305,0.4085866706313341
2022-02-22,0.3443101292205085,0.0869086908690869,0.552911481054582,0.514931296098595
2022-02-23,0.3734889537307211,0.0605060506050605,0.6022118793679511,0.2247257298039104
2022-02-24,0.3734889537307211,0.2651265126512651,0.6320197259954187,0.389292006075151
2022-02-25,0.3984993747394748,0.2145214521452145,0.4242548038343133,0.5348892095803719
2022-02-26,0.4355981659024593,0.0803080308030803,0.7202176862808036,0.3397480395375654
2022-02-27,0.4576907044601916,0.0792079207920792,0.6123375012766454,0.4957915177350611
2022-02-28,0.4493538974572737,0.2068206820682068,0.717868658719853,0.4588583416914702
2022-03-01,0.4506044185077116,0.1155115511551155,0.601438597003166,0.4294607531363428
2022-03-02,0.441017090454356,0.1353135313531353,0.6850698142663301,0.5656610338222028
2022-03-03,0.4260108378491037,0.0957095709570957,0.7084579582427523,0.4543451529394062
2022-03-04,0.4160066694456023,0.1287128712871287,0.7094646843403026,0.5617095618545425
2022-03-05,0.4401834097540642,0.1837183718371837,0.6968003618377857,0.4550165108717061
2022-03-06,0.441017090454356,0.1474147414741474,0.7367776010738412,0.3705120581911363
2022-03-07,0.3768236765318883,0.2541254125412541,0.7866470184858255,0.4736973837090055
2022-03-08,0.4005835764902042,0.2244224422442244,0.7928770481039992,0.4439622451073106
2022-03-09,0.4222592746977908,0.1881188118811881,0.7959993580297349,0.3345511121907256
2022-03-10,0.4293455606502708,0.1771177117711771,0.810706313193948,0.3639579222868612
2022-03-11,0.4360150062526052,0.2079207920792078,0.7361210405754387,0.5229002543687717
2022-03-12,0.4651938307628178,0.1848184818481847,0.8088825340317192,0.4291150702855444
2022-03-13,0.448937057107128,0.1947194719471947,0.8566801383154117,0.4935153677427104
2022-03-14,0.4818674447686535,0.1969196919691969,0.8669078918571909,0.4288555285265247
2022-03-15,0.5264693622342642,0.154015401540154,0.8551773442857352,0.5239177621783015
2022-03-16,0.5377240516882034,0.308030803080308,0.8220429244663623,0.4200972063460502
2022-03-17,0.5739891621508963,0.3146314631463146,0.8219116123666818,0.2304073889411888
2022-03-18,0.5702375989995832,0.2486248624862486,0.853207662790528,0.5729863404287738
2022-03-19,0.5593997498957899,0.2651265126512651,0.8908504646989305,0.4925081374893689
2022-03-20,0.5694039182992914,0.2442244224422442,0.8887494711040429,0.3143083125856099
2022-03-21,0.6202584410170904,0.2673267326732673,0.807686134901297,0.4150098666026751
2022-03-22,0.6523551479783243,0.1947194719471947,0.7458527261850917,0.2888158384190875
2022-03-23,0.6631929970821175,0.2541254125412541,0.6415325581056041,0.5339915074366819
2022-03-24,0.6594414339308043,0.4015401540154015,0.7449043610207327,0.2427808943115912
2022-03-25,0.6598582742809505,0.4961496149614962,0.5682458162506018,0.2462943014356957
2022-03-26,0.6844518549395582,0.4290429042904289,0.4728986416492799,0.4190408342032075
2022-03-27,0.7015423092955397,0.0946094609460946,0.6707130247012649,0.4186443436361444
2022-03-28,0.6773655689870779,0.2662266226622662,0.82636163352252,0.5219113482098208
2022-03-29,0.6844518549395582,0.3311331133113311,0.800726593618232,0.41536917353664
2022-03-30,0.6798666110879532,0.4279427942794279,0.7061818818482908,0.3803394841904264
2022-03-31,0.6919549812421841,0.4741474147414741,0.6985074191336319,0.4632848360592951
2022-04-01,0.7044601917465609,0.5566556655665567,0.6642933220502196,0.4736034072820605
2022-04-02,0.7044601917465609,0.4994499449944995,0.5492055617969331,0.2981795279945312
2022-04-03,0.6982075864943726,0.4631463146314632,0.7075825442448824,0.5291868465961851
2022-04-04,0.7136306794497707,0.6534653465346534,0.6937072323786457,0.4400067811048005
2022-04-05,0.7019591496456856,0.5445544554455446,0.750725864106567,0.6428638167880891
2022-04-06,0.6994581075448103,0.4609460946094609,0.7418258217948905,0.5531561304165065
2022-04-07,0.7203001250521051,0.4059405940594059,0.8179868396095654,0.4469675512712476
2022-04-08,0.7257190496040018,0.4576457645764577,0.846496155473526,0.373156445138777
2022-04-09,0.7423926636098375,0.4345434543454345,0.8558339047841375,0.4442978378074318
2022-04-10,0.7423926636098375,0.5566556655665567,0.8379170982944018,0.5756065371920664
2022-04-11,0.7674030846185911,0.4719471947194719,0.829294270415384,0.4853673628424428
2022-04-12,0.755731554814506,0.416941694169417,0.7165847181896439,0.2937379400463593
2022-04-13,0.7419758232596914,0.5368536853685368,0.8124133704897942,0.3315600607443729
2022-04-14,0.7849103793247187,0.4994499449944995,0.7248719707028115,0.2406518189742488
2022-04-15,0.8361817423926636,0.4114411441144115,0.7778636980405317,0.4865201149622746
2022-04-16,0.8240933722384327,0.4323432343234323,0.7203635886137819,0.4011413888015567
2022-04-17,0.8115881617340557,0.4543454345434544,0.845299756343104,0.3898846179966224
2022-04-18,0.8090871196331806,0.3894389438943895,0.8871737259078772,0.5979057255685458
2022-04-19,0.7786577740725302,0.5159515951595159,0.8037759523774785,0.5128228353674416
2022-04-20,0.7907461442267609,0.4983498349834984,0.6903222982535491,0.683079849531818
2022-04-21,0.7607336390162569,0.3872387238723872,0.7315251170866223,0.4685392403788315
2022-04-22,0.7924135056273449,0.3476347634763477,0.6143655437050439,0.6911945438462115
2022-04-23,0.8349312213422257,0.3432343234323433,0.8510774887290448,0.3856749190832085
2022-04-24,0.8570237598999584,0.3311331133113311,0.9065057850275028,0.3285014838203153
2022-04-25,0.8557732388495205,0.2904290429042904,0.8898729190679759,0.5678750782232089
2022-04-26,0.8441017090454355,0.4653465346534653,0.8755161295029107,0.4136685428932989
2022-04-27,0.8353480616923716,0.4818481848184818,0.8732838238083427,0.2683989956135508
2022-04-28,0.8641100458524384,0.4136413641364136,0.8817461591210843,0.5506292853951227
2022-04-29,0.8611921634014172,0.4587458745874588,0.8358744656327054,0.3162907059271098
2022-04-30,0.8145060441850769,0.4972497249724972,0.6413282948394345,0.3625293568501664
2022-05-01,0.7411421425593996,0.3344334433443344,0.7521265265031587,0.5309759445393916
2022-05-02,0.700708628595248,0.3652365236523653,0.7343993930462948,0.4320645742276194
2022-05-03,0.6848686952897041,0.3498349834983498,0.5026918980434497,0.4677274532504312
2022-05-04,0.70862859524802,0.286028602860286,0.8054538292067289,0.4132108867371362
2022-05-05,0.7002917882451021,0.1078107810781077,0.6853762091655846,0.4693755746544577
2022-05-06,0.7082117548978741,0.1232123212321232,0.9344898524927412,0.5082613257404949
2022-05-07,0.7553147144643602,0.1034103410341034,0.8793387706269423,0.3390350865059375
2022-05-08,0.7344726969570654,0.2112211221122112,0.8621806562686938,0.3677735044363495
2022-05-09,0.6773655689870779,0.3949394939493949,0.388406600621544,0.2389614510136422
2022-05-10,0.6390162567736557,0.3927392739273928,0.6319467748289296,0.421370588121031
2022-05-11,0.6761150479366402,0.4785478547854785,0.5030858343424911,0.4817594141001704
2022-05-12,0.7061275531471445,0.5819581958195821,0.7110842002363618,0.4595572214616432
2022-05-13,0.727803251354731,0.7502750275027503,0.6845737463342039,0.4346592154235569
2022-05-14,0.7457273864110046,0.801980198019802,0.8760851486015262,0.6726378881409825
2022-05-15,0.6973739057940809,0.7117711771177118,0.8118589416244766,0.1690848373146145
2022-05-16,0.6977907461442268,0.6490649064906491,0.8112315615926698,0.3556904835570851
2022-05-17,0.6802834514380991,0.6006600660066006,0.8498810895986226,0.5201730966538567
2022-05-18,0.6890370987911629,0.55005500550055,0.809757948029589,0.3700573231811901
2022-05-19,0.7398916215089621,0.5797579757975797,0.5168152438757496,0.5488697796744801
2022-05-20,0.7519799916631931,0.5632563256325633,0.910255474985045,0.4601362806925235
2022-05-21,0.7378074197582325,0.4576457645764577,0.7788412436714863,0.5206190830986077
2022-05-22,0.6982075864943726,0.4433443344334434,0.4234523410029326,0.3809245463470336
2022-05-23,0.7315548145060442,0.2068206820682068,0.8785654882621573,0.4584659561975017
2022-05-24,0.7536473530637766,0.0693069306930693,0.8248442492595457,0.412983531130926
2022-05-25,0.751563151313047,0.2145214521452145,0.8589270342432775,0.4620053383203426
2022-05-26,0.7728220091704876,0.286028602860286,0.7999824917200427,0.7148532342666158
2022-05-27,0.7849103793247187,0.319031903190319,0.8366185675308948,0.5565690286930032
2022-05-28,0.8082534389328886,0.1342134213421342,0.8708910255474984,0.4205365681547288
2022-05-29,0.818674447686536,0.1342134213421342,0.5430776638118444,0.5438724183738193
2022-05-30,0.7457273864110046,0.2134213421342134,0.7117115802681684,0.3961999695332183
2022-05-31,0.7448937057107128,0.2046204620462046,0.6232655860167204,0.5560013625273044
2022-06-01,0.7148812005002083,0.2706270627062706,0.4621164592421832,0.4566913152508434
2022-06-02,0.7432263443101292,0.3553355335533553,0.5189454179372328,0.5565317498698055
2022-06-03,0.7057107127969988,0.4334433443344334,0.4807773676301083,0.3745939941412275
2022-06-04,0.7382242601083784,0.5346534653465347,0.6972818395366142,0.2648945601564401
2022-06-05,0.7486452688620258,0.528052805280528,0.7776156640744686,0.487575148494326
2022-06-06,0.7494789495623175,0.5225522552255226,0.7158114358248588,0.5893308376868676
2022-06-07,0.7703209670696123,0.4983498349834984,0.7935773793022951,0.729540650352452
2022-06-08,0.7182159233013754,0.4829482948294829,0.5919549453595764,0.4417709808872854
2022-06-09,0.7482284285118799,0.4862486248624862,0.5614175870672171,0.2656943592815302
2022-06-10,0.7090454355981659,0.4818481848184818,0.5108624286902347,0.6199413563536313
2022-06-11,0.7094622759483118,0.5214521452145215,0.3736266942908417,0.4104178307003008
2022-06-12,0.7236348478532721,0.4708470847084708,0.6982593851675688,0.4530834914455777
2022-06-13,0.7653188828678616,0.5775577557755776,0.7480996221129576,0.3650317558638067
2022-06-14,0.7157148812005001,0.6523652365236523,0.7211660514451625,0.5820648583105763
2022-06-15,0.6998749478949562,0.5544554455445545,0.4055938954463882,0.4679903266629761
2022-06-16,0.6777824093372238,0.6171617161716172,0.5644669458264637,0.3782908444882003
2022-06-17,0.6606919549812422,0.647964796479648,0.5324559739710238,0.4959055911720222
2022-06-18,0.6427678199249687,0.6358635863586359,0.3043668568260406,0.4158576177410074
2022-06-19,0.6440183409754063,0.5764576457645765,0.5686397525496433,0.478876409367527
2022-06-20,0.6269278866194248,0.5676567656765676,0.5107165263572564,0.3897085996016114
2022-06-21,0.6331804918716131,0.3091309130913091,0.6939552663447088,0.455809646689745
2022-06-22,0.6156731971654856,0.2519251925192519,0.4138227870263645,0.3817543363032347
2022-06-23,0.6536056690287619,0.22002200220022,0.6379725411809335,0.300144168382245
2022-06-24,0.649854105877449,0.3399339933993399,0.5281518551481638,0.2742793878836269
2022-06-25,0.6694456023343061,0.396039603960396,0.5748260114679234,0.3886373659042921
2022-06-26,0.6606919549812422,0.3641364136413641,0.7408774566305315,0.4890132924349064
2022-06-27,0.6777824093372238,0.3432343234323433,0.8491807584003268,0.2673214198757703
2022-06-28,0.673197165485619,0.3421342134213421,0.7571309765243146,0.4043613902883072
2022-06-29,0.6723634847853273,0.3311331133113311,0.5932097054231897,0.3114221784784046
2022-06-30,0.6648603584827011,0.2145214521452145,0.438480281299698,0.2055134939255773
2022-07-01,0.6644435181325552,0.2409240924092409,0.448460000875414,0.4220890473050478
2022-07-02,0.646102542726136,0.1133113311331133,0.5605129926027517,0.6035387633871863
2022-07-03,0.6365152146727804,0.2123212321232123,0.4980084331548461,0.3349269643540737
2022-07-04,0.6606919549812422,0.1628162816281628,0.7374195713389458,0.3597726217861403
2022-07-05,0.6681950812838682,0.2365236523652365,0.7118137119012533,0.2381016940238551
2022-07-06,0.634431012922051,0.3157315731573157,0.5303549803761363,0.3652828792482934
2022-07-07,0.6481867444768652,0.2827282728272827,0.7838456936926422,0.2963110891023666
2022-07-08,0.6456857023759899,0.3432343234323433,0.6862516231634544,0.4044374471787899
2022-07-09,0.6494372655273031,0.4004400440044004,0.7580355709887802,0.376586554975362
2022-07-10,0.6544393497290537,0.3938393839383938,0.6815243875749574,0.466518652009414
2022-07-11,0.6473530637765734,0.5258525852585259,0.6598870715942747,0.5258983677307223
2022-07-12,0.6661108795331387,0.5863586358635864,0.7014546462597937,0.5554378133334619
2022-07-13,0.6702792830345976,0.6116611661166116,0.6782707655495411,0.4578656338778712
2022-07-14,0.6373488953730722,0.5357535753575358,0.6373743416157224,0.6878745600320981
2022-07-15,0.6627761567319717,0.5126512651265127,0.7209180174790994,0.2672426976624671
2022-07-16,0.6702792830345976,0.4994499449944995,0.6612147828243773,0.4530749897797066
2022-07-17,0.66902876198416,0.5852585258525853,0.6946993682428981,0.4880252548856245
2022-07-18,0.6686119216340143,0.4774477447744774,0.7063569646478647,0.7257082522767315
2022-07-19,0.6627761567319717,0.4103410341034103,0.6767242008199711,0.466644332689283
2022-07-20,0.6865360566902876,0.3751375137513751,0.6511329316155765,0.397690170560135
2022-07-21,0.6865360566902876,0.2332233223322332,0.5271743095172092,0.2943479896044081
2022-07-22,0.6431846602751146,0.187018701870187,0.6095653569500575,0.3491497397101062
2022-07-23,0.6402667778240934,0.3388338833883388,0.4224456149053823,0.520015310137826
2022-07-24,0.6160900375156315,0.3729372937293729,0.3001210989363719,0.6294471052556505
2022-07-25,0.609837432263443,0.3762376237623762,0.4675002553290827,0.4191958393834822
2022-07-26,0.62234264276782,0.2431243124312431,0.6161893228672726,0.5472279051208138
2022-07-27,0.6319299708211756,0.2024202420242024,0.7378280978712849,0.4626705386430014
2022-07-28,0.6365152146727804,0.1045104510451045,0.7241132785713243,0.5105784610205908
2022-07-29,0.6627761567319717,0.1815181518151815,0.7401771254322356,0.2637442234854148
2022-07-30,0.6515214672780325,0.2849284928492849,0.7838456936926422,0.4094510264928626
2022-07-31,0.6406836181742392,0.3102310231023102,0.5210464115321204,0.5049591811461966
2022-08-01,0.649020425177157,0.2354235423542354,0.3993930462948102,0.4736215290974868
2022-08-02,0.6786160900375156,0.1463146314631463,0.4765461999737376,0.1514545210999416
2022-08-03,0.637765735723218,0.1507150715071507,0.3131501772713346,0.4656266315248614
2022-08-04,0.6552730304293455,0.1573157315731573,0.6410073097068822,0.3382616223171524
2022-08-05,0.661525635681534,0.2112211221122112,0.558339047841375,0.5057002955741869
2022-08-06,0.6469362234264278,0.1573157315731573,0.5320474474386845,0.5028268990923355
2022-08-07,0.6631929970821175,0.2981298129812981,0.7066049986139279,0.3193795057081487
2022-08-08,0.6306794497707378,0.4741474147414741,0.4832285268241438,0.3484116713653391
2022-08-09,0.6169237182159233,0.5885588558855885,0.5308802287748581,0.26003551602152
2022-08-10,0.60608586911213,0.5005500550055006,0.3549220152030231,0.2590855009680981
2022-08-11,0.5998332638599415,0.1925192519251925,0.4369045361035323,0.2744344079373551
2022-08-12,0.6427678199249687,0.099009900990099,0.6814952071083616,0.4433794437155955
2022-08-13,0.6552730304293455,0.2574257425742574,0.6870540859948351,0.4060855804815793
2022-08-14,0.6035848270112547,0.7095709570957096,0.2039714615036694,0.3623379295576003
2022-08-15,0.6069195498124218,0.6116611661166116,0.4368315849370431,0.3315548252888327
2022-08-16,0.649854105877449,0.2299229922992299,0.7815404368315849,0.6168380638797564
2022-08-17,0.6544393497290537,0.1958195819581958,0.7944965640000583,0.1669299119155429
2022-08-18,0.637765735723218,0.2607260726072607,0.6414012460059236,0.5736238463815013
2022-08-19,0.6248436848686953,0.5346534653465347,0.2653963436875355,0.1487358412533728
2022-08-20,0.5973322217590662,0.7546754675467546,0.3754796539196662,0.5014083286162176
2022-08-21,0.6331804918716131,0.3322332233223322,0.5989874378091306,0.2844251652760434
2022-08-22,0.653188828678616,0.1243124312431243,0.7371277666729892,0.5887103588634077
2022-08-23,0.6244268445185492,0.0858085808580857,0.4187980565809247,0.2204634264610809
2022-08-24,0.6165068778657774,0.3179317931793179,0.415325581056041,0.3237530208355363
2022-08-25,0.6281784076698624,0.319031903190319,0.6676636659420184,0.4212662597706318
2022-08-26,0.6198416006669445,0.2486248624862486,0.7065320474474387,0.318053210135925
2022-08-27,0.6127553147144644,0.385038503850385,0.5355491034301638,0.5197779000772258
2022-08-28,0.6135889954147562,0.4004400440044004,0.5440114387429055,0.4944338689234095
2022-08-29,0.6315131304710295,0.2387238723872387,0.7539357154320898,0.378563213113293
2022-08-30,0.6419341392246769,0.1353135313531353,0.8690088854520783,0.4403765648992275
2022-08-31,0.6369320550229263,0.2288228822882288,0.7852463560892339,0.3250539928662752
2022-09-01,0.6160900375156315,0.2464246424642464,0.7187148922511271,0.2704249919705663
2022-09-02,0.6240100041684036,0.2321232123212321,0.8146894468842556,0.4131626789004985
2022-09-03,0.6448520216756981,0.3014301430143014,0.6560644304702433,0.4575633874599119
2022-09-04,0.6402667778240934,0.2321232123212321,0.5811289922525861,0.2893921668839527
2022-09-05,0.637765735723218,0.1628162816281628,0.5578429799092487,0.1756645466343889
2022-09-06,0.641517298874531,0.0638063806380637,0.5013641868133472,0.3527429637336723
2022-09-07,0.62234264276782,0.1408140814081408,0.7372736690059674,0.2929623787006676
2022-09-08,0.645268862025844,0.1958195819581958,0.8223930900655102,0.3874008643439628
2022-09-09,0.6110879533138809,0.2167216721672167,0.5959526692831819,0.479391729901897
2022-09-10,0.5889954147561485,0.3135313531353135,0.5573615022104202,0.2592496027523741
2022-09-11,0.5814922884535223,0.4268426842684268,0.3272005719371452,0.2777338425884734
2022-09-12,0.598165902459358,0.44004400440044,0.0825661302324224,0.5630455489688966
2022-09-13,0.6002501042100876,0.4862486248624862,0.1449977385138388,0.487717005541938
2022-09-14,0.5810754481033764,0.3993399339933993,0.3070660499861393,0.6185332270416872
2022-09-15,0.6002501042100876,0.1727172717271727,0.3543384058711099,0.5071915674897367
2022-09-16,0.6065027094622759,0.2068206820682068,0.529771371044223,0.5041067537941657
2022-09-17,0.5994164235097958,0.2167216721672167,0.3271568012372518,0.6253798107329276
2022-09-18,0.6135889954147562,0.0759075907590759,0.6613169144574622,0.4364361944770643
2022-09-19,0.6119216340141727,0.2585258525852585,0.5602649586366887,0.557707894956891
2022-09-20,0.6015006252605253,0.4631463146314632,0.4879849428792366,0.5290753373425616
2022-09-21,0.6090037515631512,0.3531353135313531,0.567793519018369,0.4068299075754691
2022-09-22,0.614422676115048,0.2805280528052805,0.6460263499613359,0.5079585260300752
2022-09-23,0.609837432263443,0.2915291529152915,0.643429288434322,0.250255244818379
2022-09-24,0.60608586911213,0.2211221122112211,0.6854783407986694,0.4751742224255326
2022-09-25,0.5927469779074614,0.1331133113311331,0.6461284815944207,0.5425001935779938
2022-09-26,0.6127553147144644,0.0869086908690869,0.6610834707246969,0.3980745600856425
2022-09-27,0.6073363901625677,0.0297029702970297,0.6645851267161762,0.1710157863560519
2022-09-28,0.6231763234681118,0.0484048404840484,0.5667430222209253,0.3159610507095216
2022-09-29,0.6319299708211756,0.0429042904290428,0.7172412786880462,0.3944608463928944
2022-09-30,0.6265110462692789,0.1034103410341034,0.648856855221115,0.413042489499565
2022-10-01,0.6269278866194248,0.0671067106710671,0.5898539517646887,0.588742890080332
2022-10-02,0.558982909545644,0.132013201320132,0.3145216592013306,0.4125404212120311
2022-10-03,0.5835764902042517,0.2057205720572056,0.3465618115233663,0.8454611768512788
2022-10-04,0.590662776156732,0.3212321232123212,0.5790279986576985,0.474698878758778
2022-10-05,0.5939974989578991,0.2519251925192519,0.5306759655086886,0.4046337529640189
2022-10-06,0.5769070446019176,0.22002200220022,0.5584119990078641,0.27054555023314
2022-10-07,0.574406002501042,0.0946094609460946,0.652037526080042,0.334091784258419
2022-10-08,0.5956648603584827,0.0737073707370737,0.7638862545412102,0.6405749708160535
2022-10-09,0.5652355147978325,0.1507150715071507,0.6980259414348035,0.3931474966743702
2022-10-10,0.5539808253438934,0.1474147414741474,0.7012357927603262,0.5216559412708013
2022-10-11,0.5644018340975407,0.2321232123212321,0.607814528954318,0.4674311383656233
2022-10-12,0.5748228428511879,0.1485148514851484,0.5823983425494974,0.8424337181660879
2022-10-13,0.5606502709462275,0.0902090209020902,0.6600329739272531,0.0106598307085703
2022-10-14,0.5948311796581909,0.0,0.567793519018369,0.3059212615448858
2022-10-15,0.5802417674030846,0.1177117711771177,0.7381782634704328,0.4390748640692798
2022-10-16,0.5356398499374739,0.1815181518151815,0.73584382614278,0.5973754423402176
2022-10-17,0.5393914130887869,0.1562156215621562,0.7547089977968748,0.4142250718172124
2022-10-18,0.5581492288453522,0.1419141914191419,0.6579611607989612,0.355818722470911
2022-10-19,0.523551479783243,0.1782178217821782,0.4728694611826843,0.5611261893222228
2022-10-20,0.4914547728220091,0.2849284928492849,0.6809699587096398,0.3925131379443476
2022-10-21,0.4706127553147146,0.2739273927392739,0.7093333722406222,0.2503603941833969
2022-10-22,0.5064610254272615,0.2981298129812981,0.7351434949444842,0.3390231193254613
2022-10-23,0.4776990412671946,0.2651265126512651,0.3848319934635755,0.3383078192629127
2022-10-24,0.4255939974989579,0.6523652365236523,0.0648535870088562,0.631449191049239
2022-10-25,0.4952063359733223,0.1947194719471947,0.6696187572039276,0.3936500647099328
2022-10-26,0.5289704043351395,0.088008800880088,0.6777455171508193,0.5676187193831823
2022-10-27,0.5077115464776991,0.0946094609460946,0.5847765505770438,0.3523881009875349
2022-10-28,0.4372655273030429,0.1683168316831683,0.5669181050204992,0.4013510777200102
2022-10-29,0.4068361817423926,0.1628162816281628,0.6535549103430163,0.7484508182942642
2022-10-30,0.4285118799499791,0.1573157315731573,0.6914749266840776,0.4930684799666929
2022-10-31,0.452688620258441,0.1485148514851484,0.6742730416259356,0.4156439754586831
2022-11-01,0.4664443518132555,0.1694169416941694,0.6894468842556792,0.3718855323570336
2022-11-02,0.4631096290120884,0.2101210121012101,0.6476020951575016,0.33748564451477
2022-11-03,0.4122551062942892,0.1727172717271727,0.4693240344913115,0.4713604964830085
2022-11-04,0.4222592746977908,0.0968096809680968,0.5855790134084244,0.3313175044689522
2022-11-05,0.4618591079616507,0.0583058305830583,0.5664658077882665,0.474648921804039
2022-11-06,0.4468528553563985,0.0682068206820682,0.5887013233341601,0.5977280472961533
2022-11-07,0.4222592746977908,0.0979097909790979,0.5602649586366887,0.4417970748736479
2022-11-08,0.4164235097957482,0.1133113311331133,0.5052597791038679,0.5941529004676542
2022-11-09,0.4193413922467695,0.143014301430143,0.5384087891565387,0.540912065734952
2022-11-10,0.4243434764485202,0.1386138613861386,0.5478340798669371,0.3785286412585844
2022-11-11,0.3814089203834931,0.1551155115511551,0.5763725761974934,0.5863995180287225
2022-11-12,0.3647353063776574,0.2057205720572056,0.5349800843315484,0.3753354952790024
2022-11-13,0.3042934556065026,0.2079207920792078,0.5604400414362626,0.7812075762634085
2022-11-14,0.271779908295123,0.1958195819581958,0.5909773997286216,0.3757825020426457
2022-11-15,0.2692788661942475,0.1804180418041804,0.6069828856563416,0.5799404472881693
2022-11-16,0.2696957065443935,0.1793179317931793,0.5894308349990516,0.4093229958073818
2022-11-17,0.3055439766569404,0.209020902090209,0.5605421730693474,0.3827455627208913
2022-11-18,0.2721967486452689,0.2849284928492849,0.5085134011292841,0.8711291726394736
2022-11-19,0.2263443101292206,0.2838283828382839,0.5214987087643531,0.2867048313527396
2022-11-20,0.2780325135473114,0.2464246424642464,0.5005617239819665,0.3805297751511658
2022-11-21,0.2621925802417675,0.2464246424642464,0.5802243977881206,0.5724674800125331
2022-11-22,0.2413505627344727,0.2244224422442244,0.5561651030799982,0.5323398996952162
2022-11-23,0.2313463943309712,0.2288228822882288,0.5287792351799705,0.3572990237273521
2022-11-24,0.2117548978741142,0.2321232123212321,0.5259195494535958,0.2619829983935777
2022-11-25,0.1954981242184243,0.2651265126512651,0.5501831074278877,0.4402245582071253
2022-11-26,0.2150896206752814,0.2002200220022002,0.5482863770991698,0.6069753402012397
2022-11-27,0.2388495206335973,0.1419141914191419,0.5427274982126964,0.4447267763000802
2022-11-28,0.2651104626927887,0.1573157315731573,0.5401304366856826,0.5066892374294258
2022-11-29,0.3122134222592747,0.1727172717271727,0.4648156524022819,0.3841437268191652
2022-11-30,0.3201333889120468,0.2255225522552255,0.5173404922744714,0.319417566874987
2022-12-01,0.2705293872446853,0.2629262926292629,0.5403346999518522,0.360292276444784
2022-12-02,0.2092538557732389,0.242024202420242,0.4978625308218678,0.3373981648122
2022-12-03,0.1721550646102543,0.2233223322332233,0.5015100891463254,0.4502219223337422
2022-12-04,0.1829929137140474,0.2354235423542354,0.5106435751907673,0.5060224307738175
2022-12-05,0.1779908295122968,0.2354235423542354,0.5055661740031223,0.5857435987408846
2022-12-06,0.165068778657774,0.2574257425742574,0.4991318811187791,0.5736139049653564
2022-12-07,0.141725719049604,0.2288228822882288,0.4294051561884474,0.6254774043837004
2022-12-08,0.1400583576490205,0.2475247524752475,0.4128452413954099,0.5740935202878812
2022-12-09,0.1792413505627345,0.176017601760176,0.4839288580224398,0.3485638922351679
2022-12-10,0.2196748645268862,0.1969196919691969,0.3968105750010943,0.4841504466453386
2022-12-11,0.2296790329303877,0.1848184818481847,0.4891083908431696,0.584274190801596
2022-12-12,0.2484368486869529,0.1386138613861386,0.4420548884576664,0.3399085003004882
2022-12-13,0.2817840766986244,0.1386138613861386,0.4100147361356308,0.5843202925572555
2022-12-14,0.2588578574406002,0.2101210121012101,0.4720524081180057,0.5585494230423882
2022-12-15,0.2155064610254272,0.1749174917491749,0.4946380892630473,0.3670609113422902
2022-12-16,0.1667361400583578,0.2211221122112211,0.5543121434511739,0.3850464502406687
2022-12-17,0.1229679032930388,0.2321232123212321,0.5119421059542741,0.5270044231567648
2022-12-18,0.1250521050437683,0.2255225522552255,0.3659960022760764,0.2143206010326757
2022-12-19,0.1871613172155064,0.2189218921892189,0.4174265746509287,0.3224404921316308
2022-12-20,0.1859107961650687,0.1837183718371837,0.4036388041844789,0.7490933812210934
2022-12-21,0.1692371821592331,0.198019801980198,0.4048206130816031,0.3914884165099972
2022-12-22,0.1621508962067528,0.165016501650165,0.3555202147682341,0.3473476721156752
2022-12-23,0.2209253855773238,0.1331133113311331,0.4772465311720334,0.6400793040627937
2022-12-24,0.2617757398916215,0.088008800880088,0.4927559491676272,0.3487029352254267
2022-12-25,0.2659441433930805,0.176017601760176,0.4498168925721122,0.2897182405740008
2022-12-26,0.3251354731137974,0.1496149614961496,0.476677512073418,0.4489791322773835
2022-12-27,0.3618174239266362,0.1738173817381738,0.3894862778855834,0.6387682329573057
2022-12-28,0.2734472696957065,0.2145214521452145,0.2773311545251608,0.5554381346000516
2022-12-29,0.1563151313047104,0.1639163916391638,0.4336800945447117,0.4627624268371118
2022-12-30,0.1563151313047104,0.1397139713971397,0.4225769270050628,0.4176544201329917
2022-12-31,0.2396832013338892,0.0264026402640263,0.3838836282992165,0.4842239215043389
2023-01-01,0.2142559399749896,0.1133113311331133,0.2765578721603758,0.4059106091776761
2023-01-02,0.1971654856190079,0.1628162816281628,0.2788339485548374,0.3656221605648175
2023-01-03,0.1517298874531054,0.2222222222222222,0.3070952304527349,0.3607954989122892
2023-01-04,0.1004585243851605,0.2805280528052805,0.2768788572929281,0.5593892674529786
2023-01-05,0.0937890787828261,0.3113311331133113,0.406294226644684,0.6042164812080908
2023-01-06,0.0654439349729054,0.3366336633663366,0.5419542158479114,0.4487611528960948
2023-01-07,0.0612755314714464,0.3135313531353135,0.5021666496447278,0.4916394683264014
2023-01-08,0.0917048770320967,0.2706270627062706,0.4706225652548184,0.5490340718389577
2023-01-09,0.1300541892455189,0.2585258525852585,0.5294212054450751,0.4174359291049117
2023-01-10,0.1392246769487287,0.2596259625962596,0.5438363559433315,0.5520372302762466
2023-01-11,0.114214255939975,0.2409240924092409,0.5106143947241717,0.5041644032989199
2023-01-12,0.1596498541058775,0.1562156215621562,0.5373291118924991,0.1908138459117978
2023-01-13,0.2513547311379741,0.0979097909790979,0.4074906257751061,0.7061907268719068
2023-01-14,0.3005418924551896,0.1386138613861386,0.3238302280453464,0.5331556253140344
2023-01-15,0.2817840766986244,0.1584158415841584,0.3119683683742102,0.4320077427627931
2023-01-16,0.2246769487286368,0.1815181518151815,0.3486919855848495,0.3777414429230785
2023-01-17,0.2180075031263025,0.1463146314631463,0.2953646828812792,0.3174393232269408
2023-01-18,0.1938307628178408,0.1485148514851484,0.1863610499131881,0.3389313679671208
2023-01-19,0.1867444768653605,0.1969196919691969,0.2528195625848057,0.4818849579442696
2023-01-20,0.1950812838682785,0.1452145214521452,0.4126409781292403,0.4892928538619858
2023-01-21,0.2734472696957065,0.1067106710671066,0.4201987189775164,0.4196606109996743
2023-01-22,0.3034597749062109,0.1331133113311331,0.3785581931455084,0.3952870369734116
2023-01-23,0.3280533555648186,0.1859185918591859,0.3517121638775004,0.4588279403530499
2023-01-24,0.3718215923301375,0.1067106710671066,0.3170457695618553,0.4007077740952098
2023-01-25,0.381825760733639,0.1012101210121012,0.3714235690628693,0.7083517503868064
2023-01-26,0.381825760733639,0.154015401540154,0.4765753804403332,0.6368612539731084
2023-01-27,0.3822426010837849,0.2442244224422442,0.5255693838544478,0.3705324645689802
2023-01-28,0.3555648186744476,0.2508250825082508,0.5277287383825268,0.3969251396193365
2023-01-29,0.3205502292621925,0.2497249724972497,0.5958067669502035,0.6746806082088195
2023-01-30,0.3301375573155481,0.1859185918591859,0.5771750390288741,0.5142777208669878
2023-01-31,0.3138807836598583,0.2772277227722772,0.3858824902610193,0.2955712775888797
2023-02-01,0.3405585660691955,0.3454345434543454,0.4145668889245539,0.4253219381263751
2023-02-02,0.2471863276365152,0.306930693069307,0.6773953515516713,0.5001303658176395
2023-02-03,0.2130054189245519,0.3146314631463146,0.6559331183705627,0.4072934238722077
2023-02-04,0.2434347644852023,0.2365236523652365,0.5991625206087045,0.5244988174266063
2023-02-05,0.3092955398082534,0.1815181518151815,0.6562395132698172,0.3995020070386534
2023-02-06,0.3326385994164235,0.1958195819581958,0.6509578488160026,0.5880294997691788
2023-02-07,0.3734889537307211,0.2244224422442244,0.6121915989436671,0.4835149337353448
2023-02-08,0.3989162150896206,0.2475247524752475,0.604881892061454,0.543392261657597
2023-02-09,0.3926636098374322,0.1155115511551155,0.5272034899838048,0.4996131266078016
2023-02-10,0.3614005835764902,0.1573157315731573,0.6195888472256672,0.5342511622339463
2023-02-11,0.4364318466027511,0.2695269526952695,0.609536176483462,0.5293203507124575
2023-02-12,0.4272613588995415,0.2695269526952695,0.6592596915624681,0.6693442154656486
2023-02-13,0.3176323468111712,0.2728272827282728,0.8148645296838297,0.4586291001313891
2023-02-14,0.3318049187161317,0.1331133113311331,0.7456046922190286,0.5626902519179242
2023-02-15,0.323051271363068,0.11001100110011,0.6833773472037818,0.4519588739498932
2023-02-16,0.3797415589829096,0.0363036303630363,0.6389063161119947,0.6038687993651772
2023-02-17,0.393497290537724,0.0836083608360836,0.4211470841418754,0.5089569571484804
2023-02-18,0.409337223843268,0.1210121012101209,0.3290097608660762,0.5290273198861251
2023-02-19,0.44060025010421,0.1452145214521452,0.4912093844380572,0.4588245551550927
2023-02-20,0.4785327219674864,0.2178217821782178,0.5284728402807161,0.7496864750424495
2023-02-21,0.5185493955814922,0.2662266226622662,0.5450327550737537,0.3145347281895756
2023-02-22,0.5456440183409754,0.396039603960396,0.6663943156451071,0.3259825157797671
2023-02-23,0.5448103376406834,0.1727172717271727,0.7002582471293716,0.4312001796951126
2023-02-24,0.5598165902459358,0.1826182618261826,0.6046338580953909,0.5854478847435882
2023-02-25,0.5460608586911213,0.1111111111111111,0.5596667590714776,0.490342503203965
2023-02-26,0.5314714464360151,0.1023102310231023,0.6647602095157501,0.5413997365197505
2023-02-27,0.5343893288870363,0.154015401540154,0.659434774362042,0.2813207959641537
2023-02-28,0.5339724885368904,0.1628162816281628,0.6911247610849297,0.5042496341353606
2023-03-01,0.563568153397249,0.1166116611661166,0.7090123871080699,0.4122480567164035
2023-03-02,0.5739891621508963,0.1881188118811881,0.7298472402573718,0.2667645161408352
2023-03-03,0.5777407253022093,0.2145214521452145,0.759509184551861,0.2938793389916112
2023-03-04,0.5914964568570238,0.2453245324532453,0.6617108507565036,0.5824550484828468
2023-03-05,0.5927469779074614,0.2739273927392739,0.8210361983688119,0.3260039335524314
2023-03-06,0.6056690287619841,0.2046204620462046,0.7565619574256992,0.4547776848583575
2023-03-07,0.6231763234681118,0.143014301430143,0.7442040298224369,0.2333445806386724
2023-03-08,0.6398499374739475,0.0891089108910891,0.5675163045857103,0.4066808220295832
2023-03-09,0.5956648603584827,0.1441144114411441,0.5691212302484717,0.4260249913875269
2023-03-10,0.5881617340558567,0.1188118811881188,0.3341601132202104,0.2657224463106264
2023-03-11,0.6169237182159233,0.1111111111111111,0.4682005865273786,0.2535119658864857
2023-03-12,0.6427678199249687,0.1122112211221122,0.6659128379462788,0.256420487515506
2023-03-13,0.6648603584827011,0.1067106710671066,0.6729161499292374,0.4683021277872963
2023-03-14,0.6390162567736557,0.3542354235423542,0.4824260639927632,0.4984204838863832
2023-03-15,0.649854105877449,0.2717271727172717,0.5001386072163294,0.4924805085626322
2023-03-16,0.5535639849937473,0.3267326732673267,0.4924057835684793,0.3265635621039995
2023-03-17,0.5268862025844101,0.2024202420242024,0.2199331767314959,0.3925831026683839
2023-03-18,0.5535639849937473,0.1661166116611661,0.3591677730926917,0.4109516389370466
2023-03-19,0.4347644852021676,0.2948294829482948,0.2994207677380761,0.4698649053166377
2023-03-20,0.5018757815756565,0.3575357535753575,0.5687710646493238,0.3515514454453186
2023-03-21,0.5539808253438934,0.2079207920792078,0.6343979340229651,0.576966327780984
2023-03-22,0.5539808253438934,0.176017601760176,0.7724653117203344,0.2641624352435874
2023-03-23,0.5910796165068779,0.132013201320132,0.6700418739695648,0.3626942439527736
2023-03-24,0.5964985410587744,0.1408140814081408,0.716059469790922,0.4334608255998069
2023-03-25,0.6494372655273031,0.253025302530253,0.7197362085819753,0.3638886417416744
2023-03-26,0.6648603584827011,0.3113311331133113,0.7169640642553875,0.3128297188016007
2023-03-27,0.6473530637765734,0.22002200220022,0.5417061818818483,0.4479759773502294
2023-03-28,0.6761150479366402,0.1573157315731573,0.7689344752622596,0.364093359952055
2023-03-29,0.6786160900375156,0.3443344334433443,0.703234654722129,0.4305814142934661
2023-03-30,0.6711129637348894,0.3487348734873488,0.7102087862384919,0.3964738195542536
2023-03-31,0.60608586911213,0.2442244224422442,0.3329783043230861,0.5996321319063505
2023-04-01,0.5260525218841183,0.1606160616061606,0.3961831949692876,0.5732647417265
2023-04-02,0.5956648603584827,0.2222222222222222,0.8585039174776404,0.5917605947548885
2023-04-03,0.6565235514797834,0.2596259625962596,0.8660616583259166,0.6318174815489608
2023-04-04,0.6919549812421841,0.2717271727172717,0.8608091743386976,0.368224985134727
2023-04-05,0.7190496040016674,0.2981298129812981,0.8151563343497863,0.1867237563346409
2023-04-06,0.7102959566486036,0.1507150715071507,0.8970221333839128,0.292425036531432
2023-04-07,0.7140475197999165,0.1672167216721672,0.8931703117932855,0.5066553854498539
2023-04-08,0.712380158399333,0.1749174917491749,0.8541997986547805,0.6030517767812367
2023-04-09,0.7357232180075031,0.198019801980198,0.845299756343104,0.4263679732192169
2023-04-10,0.7632346811171322,0.1419141914191419,0.813638950086812,0.2687670778849269
2023-04-11,0.7753230512713629,0.1793179317931793,0.8314682151767606,0.3938023629217184
2023-04-12,0.7419758232596914,0.2387238723872387,0.9816600767446272,0.3738353766334659
2023-04-13,0.7836598582742811,0.2508250825082508,1.0,0.4305523099201678
2023-04-14,0.8511879949979158,0.1782178217821782,0.9171566553349187,0.4068751228733154
2023-04-15,0.8599416423509796,0.1111111111111111,0.7617852609463225,0.5885512010149885
2023-04-16,0.8516048353480616,0.1155115511551155,0.751426195304863,0.5685616963185318
2023-04-17,0.8561900791996664,0.3289328932893289,0.8175345423773327,0.3698543838358166
2023-04-18,0.865777407253022,0.2618261826182618,0.7386013802360699,0.445411942746367
2023-04-19,0.8895373072113382,0.2596259625962596,0.8103561475948001,0.582776434060434
2023-04-20,0.9037098791162984,0.2585258525852585,0.8296152555479362,0.6346339781481012
2023-04-21,0.8845352230095871,0.3454345434543454,0.5352281182976115,0.4609429513530096
2023-04-22,0.8461859107961651,0.22002200220022,0.7350705437779951,0.6267819252203823
2023-04-23,0.7732388495206335,0.1441144114411441,0.4935292315324122,0.4327076636746931
2023-04-24,0.7348895373072113,0.2618261826182618,0.5067917536001401,0.6944034556862269
2023-04-25,0.7307211338057524,0.1353135313531353,0.8161630604473366,0.3484784948160513
2023-04-26,0.7811588161734055,0.1991199119911991,0.8256175316243307,0.4144696270847485
2023-04-27,0.7994997915798248,0.2255225522552255,0.7581085221552692,0.2095701985495941
2023-04-28,0.7065443934972906,0.2431243124312431,0.732998730649703,0.3545980819611161
2023-04-29,0.7615673197165487,0.242024202420242,0.7316418389530048,0.7528969991647962
2023-04-30,0.7744893705710711,0.1133113311331133,0.5537868950524518,0.3429901905708792
2023-05-01,0.6285952480200083,0.1881188118811881,0.4604385824129328,0.4584217522944755
2023-05-02,0.7182159233013754,0.2079207920792078,0.9507725528531202,0.4981910697942444
2023-05-03,0.7157148812005001,0.352035203520352,0.6478355388902669,0.2375133894544421
2023-05-04,0.6994581075448103,0.3586358635863586,0.6327200571937146,0.2417164191114236
2023-05-05,0.7353063776573572,0.242024202420242,0.7978523176585595,0.6246654923182926
2023-05-06,0.7807419758232597,0.2167216721672167,0.6968003618377857,0.4003588726291307
2023-05-07,0.8036681950812838,0.2354235423542354,0.9541283065116212,0.4116401370368587
2023-05-08,0.8436848686952896,0.2651265126512651,0.9269175214111672,0.5568393864272181
2023-05-09,0.857440600250104,0.286028602860286,0.7532062037671983,0.4589671023309347
2023-05-10,0.8641100458524384,0.3696369636963696,0.826186550722946,0.5161518711651962
2023-05-11,0.8378491037932472,0.3201320132013201,0.8930244094603073,0.4143918329749276
2023-05-12,0.8099208003334721,0.1705170517051705,0.6323261208946731,0.5415748565581862
2023-05-13,0.8132555231346394,0.2838283828382839,0.5770729073957893,0.7276472746285867
2023-05-14,0.8353480616923716,0.4708470847084708,0.7420009045944644,0.5584884418841085
2023-05-15,0.7990829512296789,0.3652365236523653,0.8291629583157035,0.4595799897438615
2023-05-16,0.8003334722801168,0.4213421342134214,0.7367776010738412,0.4517529123188217
2023-05-17,0.8049187161317215,0.5357535753575358,0.8935496578590292,0.3523053153468067
2023-05-18,0.7582325969153814,0.4807480748074808,0.7518347218372021,0.3077372685396924
2023-05-19,0.7782409337223843,0.4378437843784378,0.8288419731831512,0.3252662995124988
2023-05-20,0.8090871196331806,0.4048404840484048,0.8880929106056407,0.5579918708248914
2023-05-21,0.7953313880783661,0.4928492849284928,0.7551029340959162,0.5205470955849314
2023-05-22,0.7761567319716547,0.528052805280528,0.90363150906783,0.4266082092359324
2023-05-23,0.7907461442267609,0.3025302530253025,0.8729336582091948,0.6572760144951912
2023-05-24,0.7819924968736975,0.2046204620462046,0.7090561578079634,0.2944816127083067
2023-05-25,0.7386411004585243,0.2805280528052805,0.8729628386757904,0.4148748632423158
2023-05-26,0.7611504793664026,0.2662266226622662,0.7628065772771706,0.4954961190549727
2023-05-27,0.7719883284701958,0.1485148514851484,0.7811465005325435,0.586762579022285
2023-05-28,0.7561483951646519,0.0737073707370737,0.906199390128248,0.5607063563576473
2023-05-29,0.7840766986244267,0.1243124312431243,0.914034345409183,0.4821965567896258
2023-05-30,0.8261775739891621,0.2156215621562156,0.8485241979019245,0.3053728475770596
2023-05-31,0.8520216756982077,0.2178217821782178,0.8524781511256365,0.2428230040324015
2023-06-01,0.8340975406419342,0.2057205720572056,0.765958067669502,0.2197794826126504
2023-06-02,0.8607753230512711,0.264026402640264,0.7646157662061016,0.535395287750899
2023-06-03,0.8357649020425177,0.3542354235423542,0.8722916879440902,0.5255809265929343
2023-06-04,0.8416006669445604,0.3157315731573157,0.8735902187075971,0.584084286550641
2023-06-05,0.8499374739474781,0.2794279427942794,0.9334393556952976,0.371797178095413
2023-06-06,0.8753647353063776,0.2695269526952695,0.8058331752724726,0.507664349947843
2023-06-07,0.8786994581075449,0.2596259625962596,0.6981572535344841,0.5066085281227701
2023-06-08,0.8653605669028763,0.3058305830583058,0.4172952625512482,0.4305033643602494
2023-06-09,0.8245102125885786,0.5027502750275028,0.4979063015217613,0.4295198959358022
2023-06-10,0.7915798249270529,0.3806380638063806,0.4762252148411853,0.4171584499612857
2023-06-11,0.858274280950396,0.3091309130913091,0.7610119785815375,0.4076248341572779
2023-06-12,0.8007503126302624,0.4301430143014301,0.5476881775339588,0.3117773565417507
2023-06-13,0.8361817423926636,0.2816281628162816,0.8268868819212419,0.5511378028119811
2023-06-14,0.842017507294706,0.5566556655665567,0.8464232043070369,0.2941178675358951
2023-06-15,0.9187161317215504,0.6017601760176017,0.754081617765068,0.4599991653018043
2023-06-16,0.8870362651104626,0.4928492849284928,0.6934737886458804,0.3016555492065742
2023-06-17,0.8445185493955816,0.5764576457645765,0.6688454748391426,0.3770285702080982
2023-06-18,0.8003334722801168,0.5654565456545655,0.3762237558178555,0.5203028794321292
2023-06-19,0.704043351396415,0.4345434543454345,0.2028480135397365,0.2521003978321525
2023-06-20,0.7044601917465609,0.4147414741474147,0.6293497133019157,0.5292003516917259
2023-06-21,0.6740308461859108,0.341034103410341,0.6698667911699908,0.6432132834453914
2023-06-22,0.712380158399333,0.3454345434543454,0.462145639708779,0.4217671976757196
2023-06-23,0.7269695706544392,0.2079207920792078,0.6688892455390362,0.4274122086242169
2023-06-24,0.7119633180491871,0.2563256325632563,0.4774799749047987,0.4626238241010685
2023-06-25,0.6927886619424759,0.5225522552255226,0.5106435751907673,0.313954151866465
2023-06-26,0.6290120883701542,0.2541254125412541,0.3484439516187864,0.4812608916438887
2023-06-27,0.641517298874531,0.4488448844884489,0.336509140781161,0.314381162759574
2023-06-28,0.6402667778240934,0.5115511551155114,0.1193772888428486,0.3064221756524483
2023-06-29,0.6210921217173822,0.3762376237623762,0.2662717576854054,0.3745286996815087
2023-06-30,0.6540225093789078,0.341034103410341,0.672172048031048,0.4190897678643634
2023-07-01,0.6869528970404335,0.2167216721672167,0.559710529771371,0.2638884305386382
2023-07-02,0.6982075864943726,0.3234323432343234,0.7438246837566933,0.4651813441324122
2023-07-03,0.6669445602334307,0.2255225522552255,0.7269437838311034,0.525692834455104
2023-07-04,0.6907044601917465,0.1903190319031903,0.8454748391426778,0.3972685617052427
2023-07-05,0.6882034180908712,0.2651265126512651,0.6351274456878565,0.5733331596113993
2023-07-06,0.6773655689870779,0.4653465346534653,0.4769255460394812,0.4106138033201769
2023-07-07,0.6519383076281784,0.3707370737073707,0.5987102233764717,0.5921657476211177
2023-07-08,0.6865360566902876,0.2662266226622662,0.6915478778505668,0.2041865141745049
2023-07-09,0.6819508128386829,0.3146314631463146,0.797531332526007,0.4521657934313536
2023-07-10,0.7098791162984577,0.3212321232123212,0.4767504632399072,0.4805081759223719
2023-07-11,0.6907044601917465,0.4323432343234323,0.684996863099841,0.3231239808523922
2023-07-12,0.6561067111296373,0.3278327832783279,0.6306774245320182,0.3049837461415658
2023-07-13,0.6619424760316799,0.198019801980198,0.6570857468010913,0.5427023535544178
2023-07-14,0.6590245935806587,0.286028602860286,0.5150935963466056,0.6836708908166274
2023-07-15,0.6802834514380991,0.1089108910891089,0.6327492376603101,0.2611675166993925
2023-07-16,0.6648603584827011,0.3278327832783279,0.5939538073213791,0.4944893409546098
2023-07-17,0.6723634847853273,0.2222222222222222,0.568143684617517,0.5071084784305626
2023-07-18,0.6586077532305126,0.3663366336633664,0.7093625527072178,0.4858961735989004
2023-07-19,0.6736140058357649,0.4202420242024203,0.7012357927603262,0.4335953411109001
2023-07-20,0.6857023759899958,0.4554455445544554,0.7417236901618056,0.2102220425112444
2023-07-21,0.6665277198832846,0.3806380638063806,0.1977414318854958,0.4135570276902944
2023-07-22,0.6627761567319717,0.4675467546754675,0.4864529683829643,0.3260875580559219
2023-07-23,0.6711129637348894,0.4213421342134214,0.7235880301726024,0.4492514354592822
2023-07-24,0.6827844935389746,0.3399339933993399,0.7258932870336596,0.4707272145910004
2023-07-25,0.6865360566902876,0.3806380638063806,0.5706677949780418,0.5298293797761073
2023-07-26,0.6781992496873697,0.5302530253025304,0.6532339252104642,0.4924757371588331
2023-07-27,0.6798666110879532,0.4906490649064907,0.6917813215833322,0.375058248161247
2023-07-28,0.6844518549395582,0.3762376237623762,0.609536176483462,0.4398822308073775
2023-07-29,0.7090454355981659,0.2442244224422442,0.479347524766921,0.5862823806603938
2023-07-30,0.7207169654022509,0.1408140814081408,0.6800215935452807,0.5581842738159906
2023-07-31,0.7111296373488953,0.0638063806380637,0.6792191307139,0.3295726342262968
2023-08-01,0.704043351396415,0.1969196919691969,0.5314784283400692,0.5745418061685026
2023-08-02,0.6656940391829929,0.5753575357535754,0.4050686470476662,0.4983179700972793
2023-08-03,0.66902876198416,0.5896589658965896,0.6086607624855921,0.607051997979233
2023-08-04,0.6523551479783243,0.4554455445544554,0.5189454179372328,0.679905646382281
2023-08-05,0.6636098374322634,0.4411441144114411,0.3678197814383052,0.5930668052158583
2023-08-06,0.6619424760316799,0.55005500550055,0.1638045492347422,0.2300562743052676
2023-08-07,0.609837432263443,0.5335533553355336,0.1294153693517559,0.3688273421427606
2023-08-08,0.6290120883701542,0.4554455445544554,0.3729555435591415,0.6940965568520943
2023-08-09,0.6552730304293455,0.2926292629262926,0.5343235238331461,0.3360539259059887
2023-08-10,0.6773655689870779,0.0891089108910891,0.4144501670581713,0.3524168721954799
2023-08-11,0.6694456023343061,0.1771177117711771,0.5754242110331343,0.2756123110666137
2023-08-12,0.5985827428095041,0.2937293729372937,0.4012897766235282,0.3490154859717902
2023-08-13,0.6240100041684036,0.1639163916391638,0.35191642714367,0.6935033737900187
2023-08-14,0.6606919549812422,0.0869086908690869,0.5584411794744598,0.5543013863159052
2023-08-15,0.6469362234264278,0.1078107810781077,0.5969593953807322,0.3834047541684413
2023-08-16,0.656940391829929,0.1386138613861386,0.5778024190606807,0.2901674486087238
2023-08-17,0.6335973322217592,0.1639163916391638,0.4712499452866251,0.4803465074350459
2023-08-18,0.6406836181742392,0.3564356435643565,0.5586162622740337,0.5324835177596914
2023-08-19,0.6523551479783243,0.3773377337733773,0.6766950203533755,0.2532821888820875
2023-08-20,0.6456857023759899,0.3201320132013201,0.7327215162170443,0.3354203167980096
2023-08-21,0.6406836181742392,0.2651265126512651,0.7020090751251112,0.33012388009962
2023-08-22,0.6381825760733639,0.3509350935093509,0.4967390828579349,0.4879164050054405
2023-08-23,0.646102542726136,0.2277227722772277,0.3601453187236463,0.4324871736544973
2023-08-24,0.6194247603167986,0.2167216721672167,0.4220516786063409,0.4056320353478919
2023-08-25,0.6006669445602335,0.2937293729372937,0.1073257561388406,0.3322526877148044
2023-08-26,0.6290120883701542,0.3707370737073707,0.326704504005019,0.3889918478900267
2023-08-27,0.6456857023759899,0.2849284928492849,0.6802696275113439,0.4271629295479322
2023-08-28,0.6702792830345976,0.2475247524752475,0.6761697719546536,0.4065780702652271
2023-08-29,0.6681950812838682,0.1397139713971397,0.6644100439166023,0.5566940489915488
2023-08-30,0.6865360566902876,0.1232123212321232,0.6339018660908388,0.3825140960922055
2023-08-31,0.6990412671946644,0.044004400440044,0.5702446782124045,0.3119973706114425
2023-09-01,0.6602751146310963,0.1705170517051705,0.5899269029311779,0.6748240775387624
2023-09-02,0.6861192163401417,0.0550055005500549,0.4649177840353667,0.2657054310801212
2023-09-03,0.6581909128803669,0.1067106710671066,0.5822962109164126,0.2932382217644371
2023-09-04,0.60608586911213,0.2398239823982398,0.3260041728067231,0.4972968182917059
2023-09-05,0.6235931638182575,0.2662266226622662,0.4350515764747079,0.541848557844689
2023-09-06,0.6256773655689871,0.253025302530253,0.6700126935029691,0.4967768483158536
2023-09-07,0.629845769070446,0.2585258525852585,0.3855031441952756,0.4950993607657519
2023-09-08,0.6019174656106712,0.2684268426842684,0.288157107632151,0.3176364857230762
2023-09-09,0.6290120883701542,0.2013201320132013,0.6898262303214229,0.6186788619464216
2023-09-10,0.6436015006252604,0.2123212321232123,0.7108653467368943,0.3967275606665104
2023-09-11,0.6340141725719048,0.1045104510451045,0.6541822903748231,0.5115141499638529
2023-09-12,0.6644435181325552,0.0242024202420241,0.5110375114898087,0.3186844692382926
2023-09-13,0.6315131304710295,0.363036303630363,0.6141175097389807,0.6134713744477822
2023-09-14,0.6194247603167986,0.5225522552255226,0.2663738893184901,0.4064260040793124
2023-09-15,0.6140058357649019,0.3058305830583058,0.4086140737390391,0.4069403578392216
2023-09-16,0.656940391829929,0.0352035203520351,0.6395045156772057,0.6142657001420799
2023-09-17,0.661525635681534,0.1144114411441144,0.8059061264389616,0.3920634242122149
2023-09-18,0.6348478532721966,0.1177117711771177,0.4452647397831891,0.5884185060145715
2023-09-19,0.6206752813672363,0.176017601760176,0.4559885612570945,0.5219936281531385
2023-09-20,0.594414339308045,0.2882288228822882,0.239965567049417,0.5014571224669131
2023-09-21,0.6065027094622759,0.5225522552255226,0.1727337720130144,0.4161569727596572
2023-09-22,0.6035848270112547,0.4081408140814082,0.237135061789638,0.5056361017500075
2023-09-23,0.6102542726135889,0.3366336633663366,0.4548942937597572,0.3429919753852679
2023-09-24,0.6052521884118383,0.176017601760176,0.3128729628386757,0.4055061107433897
2023-09-25,0.6044185077115465,0.1375137513751375,0.5334043391353829,0.3275963449500061
2023-09-26,0.6285952480200083,0.0979097909790979,0.649805220385474,0.2005984958595725
2023-09-27,0.6411004585243851,0.0583058305830583,0.7197653890485709,0.6340100665316335
2023-09-28,0.6348478532721966,0.1078107810781077,0.6790002772144327,0.3974315509552162
2023-09-29,0.6310962901208836,0.2101210121012101,0.1543938487576416,0.4613547972731961
2023-09-30,0.5823259691538141,0.4477447744774478,0.2039714615036694,0.5570407938069084
2023-10-01,0.5985827428095041,0.4543454345434544,0.4556383956579466,0.6660299043866009
2023-10-02,0.6135889954147562,0.2728272827282728,0.2942120544507507,0.498131195220886
2023-10-03,0.5798249270529388,0.2915291529152915,0.18688629831191,0.4183138198088874
2023-10-04,0.5969153814089203,0.5412541254125414,0.1374399976655626,0.5156634864546419
2023-10-05,0.5839933305543976,0.4807480748074808,0.2820875705802536,0.2903539617123403
2023-10-06,0.5977490621092123,0.2816281628162816,0.4902610192736981,0.5652837657061067
2023-10-07,0.6277615673197166,0.0814081408140814,0.5257736471206174,0.288757617773729
2023-10-08,0.6365152146727804,0.1188118811881188,0.6372284392827442,0.316121559067495
2023-10-09,0.6281784076698624,0.1606160616061606,0.5885991917010752,0.4938651467425305
2023-10-10,0.6390162567736557,0.1155115511551155,0.6718218824319001,0.428038726069692
2023-10-11,0.6348478532721966,0.0935093509350935,0.6396795984767797,0.2357303777283006
2023-10-12,0.6252605252188412,0.088008800880088,0.6593910036621485,0.6468466895902278
2023-10-13,0.6056690287619841,0.0748074807480748,0.6899283619545077,0.5192967438649458
2023-10-14,0.570654439349729,0.1221122112211221,0.6570565663344956,0.4716503562891103
2023-10-15,0.515631513130471,0.1287128712871287,0.6907308247858883,0.4834333617684014
2023-10-16,0.5548145060441851,0.0847084708470846,0.6462306132275055,0.182874598851811
2023-10-17,0.5777407253022093,0.0088008800880087,0.5991041596755132,0.4138687990677081
2023-10-18,0.5310546060858692,0.143014301430143,0.5810998117859904,0.4954548660450695
2023-10-19,0.5047936640266779,0.1606160616061606,0.6478063584236712,0.5358703517967323
2023-10-20,0.4714464360150063,0.1815181518151815,0.6990034870657582,0.4805773434293143
2023-10-21,0.441017090454356,0.2189218921892189,0.7386013802360699,0.5196920505051308
2023-10-22,0.4710295956648602,0.1694169416941694,0.5594187251054143,0.7119970552942338
2023-10-23,0.499791579824927,0.1507150715071507,0.3844818278644276,0.6699901992867228
2023-10-24,0.5060441850771153,0.3047304730473048,0.4288069566232364,0.4854561722317327
2023-10-25,0.5031263026260941,0.1969196919691969,0.6305023417324443,0.5060100798582479
2023-10-26,0.5097957482284285,0.1331133113311331,0.6189468769605626,0.1148888889087202
2023-10-27,0.4889537307211338,0.1122112211221122,0.3933380994762106,0.4161796220542493
2023-10-28,0.4510212588578572,0.1485148514851484,0.4862049344169014,0.4974254201177914
2023-10-29,0.4085035431429762,0.1661166116611661,0.5494098250631027,0.661976323187764
2023-10-30,0.4314297624010004,0.143014301430143,0.6303710296327639,0.4691747830357318
2023-10-31,0.4572738641100458,0.1144114411441144,0.665285457914472,0.3916086773035059
2023-11-01,0.4693622342642767,0.1639163916391638,0.67767256598433,0.4193054031894216
2023-11-02,0.4939558149228844,0.132013201320132,0.6189906476604561,0.4645019604847447
2023-11-03,0.5189662359316383,0.0858085808580857,0.5303257999095405,0.1108989958366526
2023-11-04,0.5323051271363068,0.0462046204620462,0.4026612585535243,0.474214599121318
2023-11-05,0.4964568570237599,0.1397139713971397,0.4163177169202935,0.4873735834560317
2023-11-06,0.4218424343476448,0.1892189218921892,0.5156480252119232,0.4738107075239237
2023-11-07,0.3864110045852439,0.1397139713971397,0.4759771808751222,0.3212227727680516
2023-11-08,0.3551479783243019,0.1452145214521452,0.4961846539926173,0.509153233186803
2023-11-09,0.3580658607753231,0.1353135313531353,0.5133135878842703,0.3533963426356967
2023-11-10,0.3689037098791162,0.1353135313531353,0.5377084579582427,0.519822484740655
2023-11-11,0.3793247186327636,0.1551155115511551,0.5151957279796904,0.4204063956919814
2023-11-12,0.3789078782826178,0.1958195819581958,0.5356512350632486,0.3399074948550495
2023-11-13,0.3651521467278033,0.2332233223322332,0.5713681261763375,0.5379286294966577
2023-11-14,0.3555648186744476,0.2046204620462046,0.5705948438115525,0.3034955976511959
2023-11-15,0.3776573572321801,0.1793179317931793,0.5034651804082347,0.5186440431923893
2023-11-16,0.3909962484368487,0.2398239823982398,0.1564948423525292,0.3734329961789204
2023-11-17,0.4443518132555232,0.4466446644664466,0.2396883526167583,0.6057151720021163
2023-11-18,0.4472696957065443,0.1331133113311331,0.5000656560498402,0.5043890162403533
2023-11-19,0.4189245518966236,0.2013201320132013,0.6276718364726652,0.555974566513949
2023-11-20,0.3780741975823258,0.2024202420242024,0.5595646274383927,0.3779823869161682
2023-11-21,0.3968320133388913,0.1848184818481847,0.5096660295598127,0.5533998170743735
2023-11-22,0.3122134222592747,0.2013201320132013,0.4465340900801003,0.3642833742665641
2023-11-23,0.263443101292205,0.1936193619361936,0.4642466333036665,0.3420677984948124
2023-11-24,0.2642767819924969,0.1969196919691969,0.471001911320562,0.2876470229697576
2023-11-25,0.2792830345977491,0.2134213421342134,0.4965640000583609,0.5076289660025879
2023-11-26,0.3076281784076698,0.2343234323432343,0.5827485081486453,0.4917584856992192
2023-11-27,0.2892872030012505,0.1518151815181518,0.4492916441733903,0.4400992196166808
2023-11-28,0.3172155064610255,0.1617161716171617,0.5035089511081282,0.4668276093294745
2023-11-29,0.3372238432680284,0.2057205720572056,0.3266315528385299,0.4259714469558666
2023-11-30,0.3801583993330554,0.2123212321232123,0.4771298093056507,0.5189061729322721
2023-12-01,0.3793247186327636,0.2244224422442244,0.5700987758794264,0.4613515846072966
2023-12-02,0.3947478115881617,0.1947194719471947,0.5170486876085149,0.4174222752748384
2023-12-03,0.3980825343893288,0.2013201320132013,0.4328338610134376,0.2907863627449027
2023-12-04,0.3834931221342226,0.1947194719471947,0.2829629845781234,0.4593550912321262
2023-12-05,0.3793247186327636,0.1155115511551155,0.145843972045113,0.5231572914382663
2023-12-06,0.3180491871613172,0.2464246424642464,0.207443937028553,0.422036317938625
2023-12-07,0.3309712380158399,0.2684268426842684,0.035614759480004,0.5317835730502665
2023-12-08,0.318466027511463,0.2442244224422442,0.2099534571557799,0.3796304309782379
2023-12-09,0.2663609837432262,0.2508250825082508,0.4962138344592131,0.3566465312831408
2023-12-10,0.2175906627761568,0.1716171617161716,0.4651220473015364,0.5012562267340148
2023-12-11,0.1388078365985827,0.2475247524752475,0.5109645603233196,0.5226167663500376
2023-12-12,0.1392246769487287,0.1958195819581958,0.4825573760924436,0.3569785424557219
2023-12-13,0.1754897874114214,0.1727172717271727,0.5083383183297101,0.4703025180072153
2023-12-14,0.1433930804501876,0.1793179317931793,0.4420111177577729,0.5676204804000458
2023-12-15,0.106294289287203,0.2156215621562156,0.4682443572272721,0.4181525320819643
2023-12-16,0.1008753647353064,0.1991199119911991,0.4785304717022425,0.2563699356226374
2023-12-17,0.1087953313880784,0.1991199119911991,0.4949882548621952,0.1598402365045645
2023-12-18,0.0958732805335557,0.2299229922992299,0.4527349392316783,0.5804200031168809
2023-12-19,0.0962901208837015,0.2563256325632563,0.4603948117130393,0.2337690095002991
2023-12-20,0.1029595664860358,0.2728272827282728,0.476254395307781,0.465597301075074
2023-12-21,0.1429762401000417,0.2365236523652365,0.4626708881075008,0.4274359972253276
2023-12-22,0.1942476031679867,0.1815181518151815,0.4453085104830826,0.2297489173687754
2023-12-23,0.232180075031263,0.1672167216721672,0.3536964356060053,0.3871664884678234
2023-12-24,0.2155064610254272,0.1892189218921892,0.4049665154145814,0.4700543157689452
2023-12-25,0.2338474364318467,0.1694169416941694,0.4278731816921752,0.4517346239207189
2023-12-26,0.2501042100875366,0.1551155115511551,0.427202030960475,0.6662721036991439
2023-12-27,0.2375989995831596,0.1661166116611661,0.3768073651497687,0.6623253674389944
2023-12-28,0.224260108378491,0.1738173817381738,0.3988677978960883,0.3863307431809455
2023-12-29,0.2138390996248437,0.22002200220022,0.4857526371846685,0.6348494111941951
2023-12-30,0.1959149645685702,0.2629262926292629,0.5069376559331183,0.5747366127096456
2023-12-31,0.1492288453522301,0.2651265126512651,0.4593151344489998,0.3903300422248412
2024-01-01,0.121717382242601,0.2189218921892189,0.4323815637812049,0.3487083015673553
2024-01-02,0.0958732805335557,0.242024202420242,0.467996323261209,0.653093272228428
2024-01-03,0.1054606085869112,0.2376237623762376,0.5467106319030042,0.5539114638657932
2024-01-04,0.1721550646102543,0.1716171617161716,0.5045594479055721,0.259181732210554
2024-01-05,0.2038349312213422,0.187018701870187,0.4569661068880492,0.5226082587347849
2024-01-06,0.2334305960817007,0.1859185918591859,0.3698040531668101,0.512103733650245
2024-01-07,0.2234264276781993,0.2222222222222222,0.3736558747574373,0.3438183979916553
2024-01-08,0.2217590662776156,0.2475247524752475,0.3762821167510469,0.4665013095629373
2024-01-09,0.1696540225093789,0.2541254125412541,0.4548651132931616,0.4497052245176027
2024-01-10,0.2030012505210504,0.1595159515951595,0.4862049344169014,0.4637591445337039
2024-01-11,0.1934139224676948,0.2486248624862486,0.3716716030289324,0.4079779358865518
2024-01-12,0.0596081700708628,0.275027502750275,0.435810268606195,0.4152675640534931
2024-01-13,0.0404335139641518,0.2354235423542354,0.4816819620945739,0.4374073476822298
2024-01-14,0.0254272613588996,0.209020902090209,0.4523410029326369,0.4757716354977093
2024-01-15,0.0487703209670696,0.1936193619361936,0.2638205984913699,0.3173640635535517
2024-01-16,0.0896206752813673,0.1243124312431243,0.338580953909453,0.4366465110552442
2024-01-17,0.1275531471446436,0.0946094609460946,0.2443426370387662,0.3418068050867566
2024-01-18,0.1588161734055857,0.0814081408140814,0.0379200163410612,0.5766133033936671
2024-01-19,0.1838265944143394,0.2178217821782178,0.2771852521921825,0.435710941099608
2024-01-20,0.1425593997498958,0.2112211221122112,0.3365820919476502,0.4923202024836226
2024-01-21,0.1225510629428928,0.1958195819581958,0.1915697632005135,0.5271778833178189
2024-01-22,0.0462692788661942,0.2959295929592959,0.4178934621164592,0.6658911410172628
2024-01-23,0.1075448103376407,0.1331133113311331,0.5030420636425976,0.4664201897489721
2024-01-24,0.0825343893288871,0.0396039603960396,0.1742073855760953,0.4978574046936632
2024-01-25,0.0925385577323885,0.1342134213421342,0.3836793650330469,0.3722163179570679
2024-01-26,0.0725302209253856,0.275027502750275,0.4884080596448737,0.3907836825486293
2024-01-27,0.0641934139224678,0.2189218921892189,0.4886560936109368,0.5549713163966941
2024-01-28,0.1071279699874948,0.1606160616061606,0.5035089511081282,0.638152085283429
2024-01-29,0.1809087119633181,0.1001100110011001,0.5054640423700375,0.4989857881477082
2024-01-30,0.2367653188828679,0.1441144114411441,0.447088518945418,0.6209135507005235
2024-01-31,0.3001250521050438,0.0275027502750274,0.3019886487984942,0.4963851945957842
2024-02-01,0.3051271363067944,0.0616061606160616,0.1116298749617006,0.4985699323445283
2024-02-02,0.3080450187578157,0.1859185918591859,0.3663461678752243,0.2931377456384267
2024-02-03,0.2601083784910379,0.2233223322332233,0.4588920176833627,0.5033985096978335
2024-02-04,0.2763651521467278,0.1815181518151815,0.6276426560060695,0.4746330726522678
2024-02-05,0.3126302626094207,0.1474147414741474,0.5676184362187952,0.483552617116471
2024-02-06,0.3789078782826178,0.1397139713971397,0.300894381301157,0.3934880095128226
2024-02-07,0.3363901625677364,0.1914191419141914,0.4344096062096033,0.5728802183399138
2024-02-08,0.2280116715298041,0.2497249724972497,0.6584134580311939,0.5566804487059072
2024-02-09,0.141725719049604,0.253025302530253,0.729219860225565,0.6693239875692438
2024-02-10,0.1529804085035432,0.2486248624862486,0.6057864865259195,0.5927555335864736
2024-02-11,0.2538557732388495,0.187018701870187,0.6136943929733437,0.4633874271903562
2024-02-12,0.3538974572738641,0.1122112211221122,0.4737011044806606,0.5819868321748849
2024-02-13,0.4118382659441434,0.0913091309130913,0.3349042151183997,0.41951438115681
2024-02-14,0.4385160483534807,0.0077007700770076,0.4602197289134653,0.5193174179649482
2024-02-15,0.4160066694456023,0.1243124312431243,0.4679671427946132,0.3605332799316869
2024-02-16,0.3805752396832014,0.2365236523652365,0.4631669560396271,0.6394378060752164
2024-02-17,0.3634847853272197,0.1705170517051705,0.5504895023271422,0.5761272419165087
2024-02-18,0.3764068361817423,0.1089108910891089,0.4987817155196311,0.5519381135838624
2024-02-19,0.3997498957899125,0.1309130913091309,0.5102642291250237,0.4432792323370529
2024-02-20,0.4556065027094622,0.2156215621562156,0.4954113716278323,0.3287565635433636
2024-02-21,0.4952063359733223,0.1958195819581958,0.5510877018923533,0.5451337615757483
2024-02-22,0.5231346394330971,0.176017601760176,0.3186798756912123,0.4176006377260797
2024-02-23,0.444768653605669,0.2244224422442244,0.5176177067071303,0.4378388920038856
2024-02-24,0.4230929553980825,0.1804180418041804,0.4093727658705263,0.4574296096720995
2024-02-25,0.4130887869945812,0.2079207920792078,0.3361589751820131,0.411104300061091
2024-02-26,0.4010004168403501,0.1826182618261826,0.6567355812019434,0.646635754276393
2024-02-27,0.44060025010421,0.1705170517051705,0.624768380046397,0.3923987908358466
2024-02-28,0.4843684868695288,0.165016501650165,0.598257926144239,0.4090759417997014
2024-02-29,0.472696957065444,0.1364136413641364,0.6850989947329258,0.6191579120777231
2024-03-01,0.4572738641100458,0.1617161716171617,0.7112884635025314,0.3732242918830717
2024-03-02,0.4889537307211338,0.0957095709570957,0.7047082682852098,0.4267773650196194
2024-03-03,0.5172988745310547,0.1595159515951595,0.4909321700053984,0.4790792773203249
2024-03-04,0.5285535639849939,0.1573157315731573,0.4883059280117888,0.5933727580983648
2024-03-05,0.5231346394330971,0.2178217821782178,0.7103400983381725,0.2883509299671258
2024-03-06,0.4714464360150063,0.2046204620462046,0.7781409124731904,0.4175136577715383
2024-03-07,0.4743643184660275,0.198019801980198,0.2845387297742891,0.5515476259425272
2024-03-08,0.4814506044185076,0.2365236523652365,0.7363253038416084,0.3509079246681008
2024-03-09,0.4547728220091704,0.2255225522552255,0.8941770378908359,0.3885688528292921
2024-03-10,0.4272613588995415,0.1815181518151815,0.8478530471702242,0.2725164969650271
2024-03-11,0.4856190079199667,0.1837183718371837,0.8748157983046149,0.4946334349695889
2024-03-12,0.5681533972488537,0.1914191419141914,0.5613884066006215,0.3193732588577882
2024-03-13,0.6273447269695707,0.2134213421342134,0.5535826317862823,0.6404985510133119
2024-03-14,0.6552730304293455,0.1749174917491749,0.4436306336538321,0.3596212814247435
2024-03-15,0.6719466444351812,0.1078107810781077,0.642656006069537,0.2692403392682279
2024-03-16,0.6436015006252604,0.0979097909790979,0.5445366871416274,0.4936897441084837
2024-03-17,0.6294289287203001,0.0968096809680968,0.5005325435153708,0.2852726724897425
2024-03-18,0.6290120883701542,0.0638063806380637,0.3322050219583011,0.6115492721363314
2024-03-19,0.626094205919133,0.1364136413641364,0.4398371729963962,0.2236402473383878
2024-03-20,0.4218424343476448,0.1089108910891089,0.1530953179941347,0.3263920176437229
2024-03-21,0.4456023343059607,0.1408140814081408,0.6729891010957265,0.5037141541224708
2024-03-22,0.4893705710712797,0.1397139713971397,0.7073345102788194,0.3957335082927382
2024-03-23,0.5648186744476864,0.2211221122112211,0.8226411240315732,0.3527398581566359
2024-03-24,0.62234264276782,0.2937293729372937,0.8252381855585871,0.5253927476625551
2024-03-25,0.6473530637765734,0.264026402640264,0.7642072396737625,0.4818453053179348
2024-03-26,0.6427678199249687,0.2926292629262926,0.759334101752287,0.4741951981889132
2024-03-27,0.6865360566902876,0.1408140814081408,0.7508571762062475,0.6043312209757574
2024-03-28,0.6894539391413088,0.0814081408140814,0.7646887173725908,0.4179291030674088
2024-03-29,0.7115464776990412,0.176017601760176,0.6881045827922788,0.3429524119996521
2024-03-30,0.7494789495623175,0.231023102310231,0.7000539838632021,0.7462040344479883
2024-03-31,0.7628178407669861,0.3168316831683168,0.6953996994411941,0.4408008747732281
2024-04-01,0.7619841600666943,0.3058305830583058,0.8297903383475101,0.6962263520645737
2024-04-02,0.7644852021675699,0.1716171617161716,0.8254424488247567,0.2960975836558119
2024-04-03,0.7628178407669861,0.1859185918591859,0.8019084025153562,0.5528500050019423
2024-04-04,0.7849103793247187,0.3047304730473048,0.7369235034068194,0.5300571220921022
2024-04-05,0.8120050020842018,0.2717271727172717,0.6817432410744247,0.1862863429483368
2024-04-06,0.8328470195914965,0.1892189218921892,0.8110856592596916,0.3824041872221506
2024-04-07,0.8103376406836182,0.2189218921892189,0.2379667050876143,0.3892575234611619
2024-04-08,0.7532305127136305,0.3586358635863586,0.4650199156684516,0.6408422765176642
2024-04-09,0.7490621092121716,0.1749174917491749,0.7098878011059397,0.2973325562251483
2024-04-10,0.7473947478115881,0.1122112211221122,0.4983148280541005,0.3881422464941115
2024-04-11,0.7528136723634848,0.1991199119911991,0.3125519777061235,0.3780481930226784
2024-04-12,0.7665694039182991,0.1177117711771177,0.6964793767052334,0.6288717048942674
2024-04-13,0.7699041267194664,0.1331133113311331,0.7588380338201608,0.5563061195841703
2024-04-14,0.803251354731138,0.1562156215621562,0.7799938721020149,0.6400928924496727
2024-04-15,0.8336807002917881,0.2464246424642464,0.7882227636819912,0.6082118834072381
2024-04-16,0.8761984160066694,0.2904290429042904,0.8105604108609696,0.4105466645522564
2024-04-17,0.9087119633180492,0.2596259625962596,0.8606778622390172,0.3965146918037543
2024-04-18,0.89745727386411,0.1969196919691969,0.9348691985584848,0.3560205492819823
2024-04-19,0.8803668195081285,0.3553355335533553,0.9490946760238698,0.520836190895537
2024-04-20,0.9162150896206752,0.4015401540154015,0.9281868717080788,0.3720438989377408
2024-04-21,0.9137140475197998,0.275027502750275,0.8482032127693722,0.452637258101503
2024-04-22,0.9341392246769488,0.2541254125412541,0.7789725557711668,0.4370082691343033
2024-04-23,0.9178824510212588,0.308030803080308,0.7919724536395337,0.460363713640691
2024-04-24,0.9120466861192162,0.352035203520352,0.869038065918674,0.5511240894880949
2024-04-25,0.9249687369737392,0.2079207920792078,0.9003487065758181,0.390191897591158
2024-04-26,0.9166319299708212,0.231023102310231,0.8432717139147055,0.5112362305660112
2024-04-27,0.9412255106294288,0.2805280528052805,0.8659303462262361,0.3186259630226318
2024-04-28,0.949145477282201,0.2497249724972497,0.8422212171172617,0.2017226314553724
2024-04-29,0.9633180491871612,0.3322332233223322,0.8890704562365952,0.408900173278705
2024-04-30,1.0,0.4928492849284928,0.881512715388319,0.1906106745405538
2024-05-01,0.976240100041684,0.2981298129812981,0.9034272458016605,0.3684249497894527
2024-05-02,0.9428928720300124,0.341034103410341,0.8894498023023388,0.5441714699740228
2024-05-03,0.9062109212171738,0.2035203520352035,0.9595266928318184,0.4336738729440017
2024-05-04,0.8357649020425177,0.416941694169417,0.8311910007441019,0.5531415544323324
2024-05-05,0.8628595248020008,0.5830583058305832,0.8870715942747924,0.3641220359698995
2024-05-06,0.7899124635264694,0.6446644664466445,0.546462597936941,0.5217616617764238
2024-05-07,0.7532305127136305,0.319031903190319,0.74875618261136,0.3577093763528334
2024-05-08,0.6894539391413088,0.1914191419141914,0.6935759202789652,0.6008577104026211
2024-05-09,0.6781992496873697,0.1584158415841584,0.5703905805453829,0.3944145661557963
2024-05-10,0.6686119216340143,0.2299229922992299,0.6613606851573557,0.3316610752893907
2024-05-11,0.7057107127969988,0.33003300330033,0.5799034126555683,0.5046208993257297
2024-05-12,0.704877032096707,0.1408140814081408,0.8085323684325713,0.4672980507060413
2024-05-13,0.7244685285535639,0.1089108910891089,0.8240126059615693,0.4539026617561663
2024-05-14,0.739474781158816,0.1705170517051705,0.8397992383898218,0.5304277387999101
2024-05-15,0.7303042934556065,0.2299229922992299,0.9302440946030728,0.3166445810759519
2024-05-16,0.7482284285118799,0.2167216721672167,0.8153605976159559,0.406388403989524
2024-05-17,0.7903293038766153,0.3058305830583058,0.8711390595135616,0.4116561289737812
2024-05-18,0.831179658190913,0.3102310231023102,0.7131122426647603,0.5289813787637607
2024-05-19,0.8215923301375572,0.3608360836083609,0.6602372371934228,0.2363310986564779
2024-05-20,0.8045018757815756,0.2739273927392739,0.6060637009585783,0.1369392354884402
2024-05-21,0.7799082951229679,0.1628162816281628,0.7147901194940107,0.3249006326899286
2024-05-22,0.7690704460191746,0.2156215621562156,0.6998059498971388,0.4826643506915158
2024-05-23,0.7765735723218008,0.1771177117711771,0.9360218269890136,0.3573179219370377
2024-05-24,0.819508128386828,0.2497249724972497,0.9429959585053764,0.3921688769956788
2024-05-25,0.8282617757398918,0.1936193619361936,0.8276893447526226,0.361520353681199
2024-05-26,0.6977907461442268,0.847084708470847,0.2771268912589912,0.3384292758820619
2024-05-27,0.6185910796165068,1.0,0.0464698930535899,0.3871206544343224
2024-05-28,0.732388495206336,0.3201320132013201,0.6475583244576081,0.378770355696552
2024-05-29,0.7619841600666943,0.5786578657865786,0.5802243977881206,0.4946181153127524
2024-05-30,0.7465610671112963,0.6127612761276129,0.6496593180524955,0.6917433742707284
2024-05-31,0.704877032096707,0.4642464246424643,0.2852098805059893,0.5254390100515094
2024-06-01,0.7057107127969988,0.4312431243124312,0.7471074862487052,0.5993380539889097
2024-06-02,0.712380158399333,0.4411441144114411,0.7185689899181488,0.5520978485222672
2024-06-03,0.6802834514380991,0.3135313531353135,0.5966530004814777,0.6973430449843727
2024-06-04,0.7328053355564819,0.3696369636963696,0.8631290214330528,0.3311817990815999
2024-06-05,0.7444768653605669,0.2431243124312431,0.8719415223449423,0.5630893066683251
2024-06-06,0.7307211338057524,0.2002200220022002,0.7108361662702987,0.265787330263036
2024-06-07,0.7619841600666943,0.3212321232123212,0.8344738032361138,0.4189499871508237
2024-06-08,0.7799082951229679,0.4796479647964796,0.8399743211893957,0.4492744893118026
2024-06-09,0.7344726969570654,0.3993399339933993,0.7975021520594114,0.7058597925373402
2024-06-10,0.7457273864110046,0.4136413641364136,0.8514276543281927,0.4688340619689339
2024-06-11,0.7044601917465609,0.5005500550055006,0.8174324107442479,0.2450203901657797
2024-06-12,0.7365568987077948,0.4444444444444445,0.699878901063628,0.3586255870217341
2024-06-13,0.7411421425593996,0.4378437843784378,0.7717358000554428,0.6371737333268959
2024-06-14,0.7690704460191746,0.4411441144114411,0.8107354936605435,0.4470556378107098
2024-06-15,0.7403084618591078,0.4521452145214521,0.7031033426224486,0.3407904068368383
2024-06-16,0.755731554814506,0.3751375137513751,0.6990764382322473,0.2996218335273277
2024-06-17,0.744060025010421,0.5093509350935093,0.6365718787843417,0.5366622084977928
2024-06-18,0.755731554814506,0.6083608360836084,0.4569369264214534,0.3539531452311502
2024-06-19,0.6811171321383911,0.5093509350935093,0.2726330994032594,0.4353051932952496
2024-06-20,0.7144643601500624,0.3795379537953796,0.395541224704183,0.5657154528129136
2024-06-21,0.688620258441017,0.154015401540154,0.3291848436656502,0.5571943860091255
2024-06-22,0.7090454355981659,0.2233223322332233,0.6486088212550519,0.41803711408483
2024-06-23,0.7215506461025427,0.2343234323432343,0.7150089729934782,0.4971045699845204
2024-06-24,0.7011254689453938,0.3102310231023102,0.7844438932578531,0.3413325144604915
2024-06-25,0.7340558566069195,0.3267326732673267,0.8797618873925794,0.5571311857316226
2024-06-26,0.7298874531054607,0.2464246424642464,0.718641941084638,0.4385396041834977
2024-06-27,0.6961233847436432,0.319031903190319,0.4660412319992997,0.4152768986327457
2024-06-28,0.7094622759483118,0.275027502750275,0.368520112636601,0.5355511615408433
2024-06-29,0.6952897040433514,0.3212321232123212,0.4264725192955835,0.2923280556669327
2024-06-30,0.6836181742392664,0.3784378437843784,0.279986576985366,0.2973761889875703
2024-07-01,0.6586077532305126,0.5247524752475248,0.3311545251608573,0.5315162911461813
2024-07-02,0.6648603584827011,0.493949394939494,0.1793577379302295,0.5288891395561544
2024-07-03,0.6511046269278866,0.4576457645764577,0.3830519850012401,0.4757359749062235
2024-07-04,0.6527719883284702,0.5192519251925192,0.3846860911305972,0.4660921706112404
2024-07-05,0.6832013338891203,0.4664466446644664,0.5816980113512015,0.6280376849279654
2024-07-06,0.6765318882867861,0.2684268426842684,0.4321773005150352,0.4297127748774045
2024-07-07,0.6719466444351812,0.2596259625962596,0.6435022396008112,0.2772005459985187
2024-07-08,0.6636098374322634,0.275027502750275,0.7216183486773954,0.4925135514263477
2024-07-09,0.6865360566902876,0.2937293729372937,0.7043581026860619,0.2588709662785795
2024-07-10,0.6952897040433514,0.416941694169417,0.8069566232364055,0.6269157506032448
2024-07-11,0.68528553563985,0.4796479647964796,0.6571878784341761,0.4595150106013514
2024-07-12,0.6723634847853273,0.3894389438943895,0.257269583740644,0.3593603534598821
2024-07-13,0.6777824093372238,0.2497249724972497,0.7121638775004013,0.5678658923784885
2024-07-14,0.7011254689453938,0.2717271727172717,0.7214432658778214,0.1879391643635868
2024-07-15,0.6744476865360567,0.438943894389439,0.6847488291337779,0.4231194236263198
2024-07-16,0.6686119216340143,0.2299229922992299,0.6502866980843024,0.7223795288214954
2024-07-17,0.6827844935389746,0.2354235423542354,0.6801966763448548,0.5625853643256833
2024-07-18,0.6977907461442268,0.3388338833883388,0.7256160726010008,0.3205972786161595
2024-07-19,0.693205502292622,0.5423542354235424,0.6843986635346299,0.3152680965231189
2024-07-20,0.6827844935389746,0.6215621562156215,0.7685843096631115,0.5784246103772499
2024-07-21,0.6748645268862026,0.5445544554455446,0.6753964895898685,0.4853734371607456
2024-07-22,0.6761150479366402,0.4950495049504951,0.5673704022527319,0.541559358419911
2024-07-23,0.6819508128386829,0.374037403740374,0.5796261982229096,0.4120387693811878
2024-07-24,0.6865360566902876,0.3817381738173817,0.5059163396022702,0.2486775402913668
2024-07-25,0.6919549812421841,0.2981298129812981,0.5027648492099388,0.4471503608850073
2024-07-26,0.7144643601500624,0.2937293729372937,0.5114460380221479,0.2845907068105928
2024-07-27,0.6798666110879532,0.5291529152915291,0.5638687462612528,0.2897792217322805
2024-07-28,0.6869528970404335,0.2662266226622662,0.6165394884664206,0.4467370246448063
2024-07-29,0.6994581075448103,0.198019801980198,0.6492070208202628,0.2755262681396264
2024-07-30,0.6602751146310963,0.3355335533553355,0.5822962109164126,0.4514824177488368
2024-07-31,0.6385994164235096,0.2233223322332233,0.5151665475130948,0.5392524025312118
2024-08-01,0.6385994164235096,0.3729372937293729,0.0881395993521936,0.4700930105448915
2024-08-02,0.6252605252188412,0.6908690869086909,0.254774653846715,0.4876395802937572
2024-08-03,0.6040016673614006,0.614961496149615,0.2306569982054013,0.4644600173466111
2024-08-04,0.6448520216756981,0.396039603960396,0.5431360247450358,0.6322050004490296
2024-08-05,0.661525635681534,0.2266226622662266,0.4961554735260216,0.4272880331378157
2024-08-06,0.626094205919133,0.1507150715071507,0.4638964677045185,0.3510142163143279
2024-08-07,0.6135889954147562,0.198019801980198,0.5209734603656312,0.6324491273611124
2024-08-08,0.6227594831179657,0.374037403740374,0.4017858445556544,0.4646711073443597
2024-08-09,0.6394330971238016,0.3421342134213421,0.5576095361764835,0.4544193655216872
2024-08-10,0.6244268445185492,0.2266226622662266,0.3811260742059265,0.4743758273544283
2024-08-11,0.649854105877449,0.2508250825082508,0.3807321379068851,0.5942188493593155
2024-08-12,0.656940391829929,0.2332233223322332,0.6204642612235369,0.4322511676478833
2024-08-13,0.6548561900791996,0.1815181518151815,0.4373860138023607,0.5971324993550127
2024-08-14,0.637765735723218,0.1353135313531353,0.5258028275872131,0.2926152323020705
2024-08-15,0.6640266777824093,0.0737073707370737,0.5023125519777061,0.3292881348127419
2024-08-16,0.6331804918716131,0.0385038503850385,0.3936590846087629,0.3897910223300806
2024-08-17,0.62234264276782,0.198019801980198,0.7270459154641883,0.5952710033908202
2024-08-18,0.6190079199666527,0.4081408140814082,0.1715519631158902,0.5344861389975966
2024-08-19,0.6027511463109629,0.352035203520352,0.2539430105487386,0.4804768821767573
2024-08-20,0.6494372655273031,0.198019801980198,0.3959351610032244,0.4908055673477252
2024-08-21,0.6398499374739475,0.3454345434543454,0.565488262157312,0.307183059874484
2024-08-22,0.626094205919133,0.2607260726072607,0.4180977253826289,0.3221181249061298
2024-08-23,0.6369320550229263,0.056105610561056,0.1135557857570142,0.5808917890536205
2024-08-24,0.5798249270529388,0.2211221122112211,0.3277258203358671,0.3574877262032854
2024-08-25,0.5752396832013338,0.2882288228822882,0.3118516465078276,0.3918453436914442
2024-08-26,0.5969153814089203,0.3762376237623762,0.3234071112797094,0.5270883808256082
2024-08-27,0.5960817007086285,0.231023102310231,0.3120267293074016,0.6563153381504878
2024-08-28,0.6256773655689871,0.0924092409240924,0.7571601569909103,0.4646488507089326
2024-08-29,0.6169237182159233,0.1727172717271727,0.7867199696523147,0.396349513181464
2024-08-30,0.6248436848686953,0.1892189218921892,0.8323728096412261,0.5809469933626621
2024-08-31,0.637765735723218,0.3146314631463146,0.7211952319117583,0.4873750708013558
2024-09-01,0.6198416006669445,0.275027502750275,0.6356964647864719,0.3469440006453888
2024-09-02,0.634431012922051,0.1815181518151815,0.7300660937568393,0.3325725264532546
2024-09-03,0.6431846602751146,0.1012101210121012,0.6639431564510716,0.4739391903623828
2024-09-04,0.626094205919133,0.1661166116611661,0.6937072323786457,0.4623304363118583
2024-09-05,0.6448520216756981,0.1419141914191419,0.7793227213703147,0.426500436193763
2024-09-06,0.6227594831179657,0.1287128712871287,0.7369964545733086,0.5446636860861316
2024-09-07,0.6227594831179657,0.2156215621562156,0.692306569982054,0.6249268248410824
2024-09-08,0.6481867444768652,0.3047304730473048,0.5861042618071463,0.4756499349539267
2024-09-09,0.6306794497707378,0.4180418041804181,0.5850537650097025,0.3198955252948208
2024-09-10,0.6431846602751146,0.3806380638063806,0.6431812544682589,0.347451810085873
2024-09-11,0.656940391829929,0.1155115511551155,0.5950772552853121,0.26254365321342
2024-09-12,0.6369320550229263,0.231023102310231,0.3540466012051533,0.4558927654958251
2024-09-13,0.609837432263443,0.3212321232123212,0.2320868410685886,0.2359936556987736
2024-09-14,0.5810754481033764,0.7315731573157316,0.1043201680794876,0.5238318679858467
2024-09-15,0.5752396832013338,0.6776677667766777,0.1064503421409708,0.3104723835520906
2024-09-16,0.5789912463526468,0.6556655665566558,0.2036504763711172,0.2339932714282362
2024-09-17,0.6123384743643183,0.3388338833883388,0.7178102977866616,0.2015286994732803
2024-09-18,0.6348478532721966,0.0275027502750274,0.7771633668422359,0.3296770518174154
2024-09-19,0.6448520216756981,0.1364136413641364,0.6655626723471307,0.4385531390259454
2024-09-20,0.6711129637348894,0.1177117711771177,0.7212390026116517,0.6603720427745048
2024-09-21,0.6790329303876614,0.0957095709570957,0.6609667488583143,0.3660346787650903
2024-09-22,0.6552730304293455,0.1463146314631463,0.770860386057573,0.5226571626490346
2024-09-23,0.6465193830762817,0.1210121012101209,0.4539896992952917,0.4484196762578725
2024-09-24,0.60608586911213,0.2035203520352035,0.4761522636746962,0.6653696420504176
2024-09-25,0.5869112130054188,0.3157315731573157,0.2415850829454763,0.3274372733676154
2024-09-26,0.594414339308045,0.3509350935093509,0.1356599892032273,0.397696328169776
2024-09-27,0.5977490621092123,0.3135313531353135,0.5538160755190475,0.3192191044390386
2024-09-28,0.6160900375156315,0.253025302530253,0.627701016939261,0.4251924944628364
2024-09-29,0.6502709462275948,0.1969196919691969,0.6985074191336319,0.4220633578766135
2024-09-30,0.6469362234264278,0.187018701870187,0.6325449743941406,0.2624875654212559
2024-10-01,0.665277198832847,0.1144114411441144,0.5885262405345861,0.543534850479108
2024-10-02,0.5848270112546894,0.2145214521452145,0.2837800376428019,0.6272045097738073
2024-10-03,0.6094205919132971,0.1111111111111111,0.4313018865171654,0.3674757617000308
2024-10-04,0.5848270112546894,0.1881188118811881,0.269656691810502,0.6769756653349273
2024-10-05,0.5727386411004585,0.1078107810781077,0.3979923838982185,0.252916230539834
2024-10-06,0.5802417674030846,0.1276127612761275,0.4198485533783685,0.5612980134034207
2024-10-07,0.5814922884535223,0.0704070407040704,0.6134171785406849,0.5004654647191129
2024-10-08,0.5923301375573156,0.0308030803080308,0.5439093071098208,0.3918375856982348
2024-10-09,0.5877448937057106,0.1617161716171617,0.6384540188797619,0.5033861349847386
2024-10-10,0.5864943726552729,0.2178217821782178,0.6222734501524679,0.4071262016374424
2024-10-11,0.6085869112130053,0.2046204620462046,0.6638847955178803,0.4621089586943678
2024-10-12,0.6285952480200083,0.1364136413641364,0.588876406133734,0.3356668115638479
2024-10-13,0.6106711129637348,0.1056105610561056,0.4969141656575089,0.3601748297086282
2024-10-14,0.5919132972071697,0.0968096809680968,0.574592567735158,0.5428726248470972
2024-10-15,0.6248436848686953,0.0066006600660065,0.4926538175345423,0.3717200800632039
2024-10-16,0.6177573989162151,0.0363036303630363,0.3849778957965538,0.4353730162420191
2024-10-17,0.6148395164651939,0.1210121012101209,0.4617225229431418,0.4720156126043711
2024-10-18,0.609837432263443,0.1177117711771177,0.4797268708326646,0.3519754519008733
2024-10-19,0.6040016673614006,0.1177117711771177,0.3773326135484906,0.4802382227460853
2024-10-20,0.5373072113380575,0.1661166116611661,0.568668933016239,0.4088921059176682
2024-10-21,0.5114631096290121,0.1804180418041804,0.4791724419673471,0.2839512435114186
2024-10-22,0.5248020008336807,0.1694169416941694,0.6675177636090401,0.3944192602176386
2024-10-23,0.5072947061275532,0.2387238723872387,0.2628284626271174,0.450603075395825
2024-10-24,0.5135473113797415,0.6952695269526954,0.1597046936780519,0.7087605918694388
2024-10-25,0.5498124218424343,0.7084708470847085,0.0,0.5185572060229988
2024-10-26,0.5568987077949146,0.3267326732673267,0.4947839915960256,0.4329345076341122
2024-10-27,0.5539808253438934,0.165016501650165,0.506368636834503,0.2211592363505055
2024-10-28,0.574406002501042,0.0616061606160616,0.5929324909905309,0.4865549247922349
2024-10-29,0.5723218007503126,0.088008800880088,0.6206393440231109,0.1790893823444554
2024-10-30,0.5760733639016256,0.1529152915291529,0.5713973066429332,0.3479393499842833
2024-10-31,0.5806586077532305,0.1716171617161716,0.613665212506748,0.3709137068717822
2024-11-01,0.5694039182992914,0.1012101210121012,0.56186988429945,0.5393131040685706
2024-11-02,0.5452271779908295,0.0264026402640263,0.5642626825602942,0.6408182410172301
2024-11-03,0.5264693622342642,0.0242024202420241,0.4946089087964517,0.593611239047598
2024-11-04,0.51979991663193,0.0044004400440043,0.4765753804403332,0.4673046247723726
2024-11-05,0.4847853272196749,0.1331133113311331,0.4422883321904317,0.4272021954644831
2024-11-06,0.4914547728220091,0.1078107810781077,0.5650943258582706,0.3782378355008564
2024-11-07,0.4906210921217173,0.1386138613861386,0.5776273362611068,0.3946039885068662
2024-11-08,0.4856190079199667,0.1177117711771177,0.6366010592509375,0.7241153857514877
2024-11-09,0.4664443518132555,0.1408140814081408,0.638877135645399,0.5991062660936339
2024-11-10,0.4268445185493955,0.176017601760176,0.680867827076555,0.4337595559334204
2024-11-11,0.4205919132972072,0.1683168316831683,0.508688483928858,0.4089529442907966
2024-11-12,0.4493538974572737,0.154015401540154,0.5278016895490159,0.606936663273437
2024-11-13,0.4293455606502708,0.1419141914191419,0.6050132041611345,0.5224884976893049
2024-11-14,0.3889120466861192,0.1683168316831683,0.4910051211718875,0.5172025675982832
2024-11-15,0.3609837432263444,0.165016501650165,0.5042676432396154,0.5613112805237097
2024-11-16,0.3272196748645268,0.1771177117711771,0.5374312435255839,0.4094624493049501
2024-11-17,0.338474364318466,0.077007700770077,0.5352281182976115,0.4773471803993112
2024-11-18,0.3297207169654023,0.0781078107810781,0.518070003939363,0.4516227993498871
2024-11-19,0.3022092538557733,0.1144114411441144,0.5262697150527437,0.0967101617009114
2024-11-20,0.294706127553147,0.132013201320132,0.5516567209909686,0.3686049542699319
2024-11-21,0.3559816590245936,0.0781078107810781,0.5011599235471775,0.6483104396679042
2024-11-22,0.3238849520633597,0.1177117711771177,0.4794788368666015,0.428948100899484
2024-11-23,0.3159649854105877,0.1331133113311331,0.4059440610455361,0.4025648080234305
2024-11-24,0.2963734889537308,0.1012101210121012,0.376355067917536,0.4737102938664168
2024-11-25,0.2934556065027095,0.1012101210121012,0.3423890048001868,0.5309830956957087
2024-11-26,0.2659441433930805,0.1155115511551155,0.4241964429011219,0.6580410811322781
2024-11-27,0.2596915381408919,0.165016501650165,0.4589211981499583,0.736922464182568
2024-11-28,0.2892872030012505,0.2233223322332233,0.5221260887961598,0.4610430794402143
2024-11-29,0.3197165485619008,0.2035203520352035,0.3434103211310348,0.5185258230366647
2024-11-30,0.3301375573155481,0.1848184818481847,0.1857920308145727,0.3641440486806933
2024-12-01,0.31471446436015,0.2101210121012101,0.428150396124834,0.5614246638324407
2024-12-02,0.3009587328053356,0.1716171617161716,0.2638205984913699,0.6062837335497004
2024-12-03,0.3167986661108795,0.1749174917491749,0.3944323669735479,0.4254431894918697
2024-12-04,0.2997082117548978,0.1111111111111111,0.4899546243744437,0.3750710333816511
2024-12-05,0.3213839099624843,0.077007700770077,0.485533783685201,0.3628761165389793
2024-12-06,0.2805335556481867,0.0935093509350935,0.5067625731335444,0.4453337678761431
2024-12-07,0.2334305960817007,0.1166116611661166,0.5264739783189133,0.3184959630919424
2024-12-08,0.2255106294289288,0.1232123212321232,0.50094107004771,0.3171374813669096
2024-12-09,0.1984160066694456,0.0847084708470846,0.3055924364230584,0.4967999319152805
2024-12-10,0.2467694872863693,0.1672167216721672,0.3726491486598871,0.4740028606410083
2024-12-11,0.1350562734472697,0.2431243124312431,0.348560673485169,0.51776439147155
2024-12-12,0.0883701542309296,0.2442244224422442,0.4793037540670275,0.4592375552552508
2024-12-13,0.0733639016256774,0.22002200220022,0.4895606880754023,0.4936806653526269
2024-12-14,0.0350145894122551,0.2519251925192519,0.5063394563679073,0.3303617601613424
2024-12-15,0.0450187578157565,0.2585258525852585,0.5405827339179153,0.4997733791423793
2024-12-16,0.1133805752396832,0.1529152915291529,0.5335794219349568,0.3126125247386431
2024-12-17,0.1546477699041266,0.1936193619361936,0.4635900728052641,0.3687566158979187
2024-12-18,0.1688203418090871,0.1793179317931793,0.4607157968455916,0.3440901478810936
2024-12-19,0.1875781575656524,0.1771177117711771,0.487182480047856,0.4253746645181071
2024-12-20,0.2030012505210504,0.1595159515951595,0.3962123754358832,0.5633482772867409
2024-12-21,0.1759066277615674,0.1221122112211221,0.133792439341105,0.3593786240098409
2024-12-22,0.2017507294706128,0.1727172717271727,0.4784283400691577,0.3380674702079524
2024-12-23,0.1804918716131721,0.2244224422442244,0.4916325012036943,0.402217709219884
2024-12-24,0.2292621925802418,0.1177117711771177,0.4077970206743606,0.5566930613942536
2024-12-25,0.2259274697790746,0.1353135313531353,0.2720057193714527,0.5124303189870845
2024-12-26,0.243851604835348,0.2002200220022002,0.4527933001648696,0.6402739440212599
2024-12-27,0.2325969153814089,0.2288228822882288,0.487780679613067,0.3134985720443748
2024-12-28,0.2617757398916215,0.1133113311331133,0.5226951078947752,0.3435473739267352
2024-12-29,0.318466027511463,0.0792079207920792,0.4514364084681714,0.4539121807662394
2024-12-30,0.291788245102126,0.1683168316831683,0.4491165613738164,0.3928023076222191
2024-12-31,0.1488120050020841,0.3014301430143014,0.4058419294124513,0.3992787743536807
