-BEGIN HEADER-,,,,,
NASA/POWER Source Native Resolution Daily Data ,,,,,
Dates (month/day/year): 01/01/2022 through 12/31/2025 in LST,,,,,
Location: latitude  22.57   longitude 88.36 ,,,,,
elevation from MERRA-2: Average for 0.5 x 0.625 degree lat/lon region = 7.35 meters,,,,,
The value for missing source data that cannot be computed or is outside of the sources availability range: -999 ,,,,,
parameter(s): ,,,,,
T2M                   MERRA-2 Temperature at 2 Meters (C) ,,,,,
WS10M                 MERRA-2 Wind Speed at 10 Meters (m/s) ,,,,,
ALLSKY_SFC_SW_DWN     CERES SYN1deg All Sky Surface Shortwave Downward Irradiance (kW-hr/m^2/day) ,,,,,
-END HEADER-,,,,,
YEAR,MO,DY,T2M,WS10M,ALLSKY_SFC_SW_DWN
2022,1,1,16.42,3.11,3.8714
2022,1,2,15.76,3.19,3.8057
2022,1,3,15.86,2.83,4.1153
2022,1,4,15.28,2.9,4.0306
2022,1,5,15.54,2.49,4.0258
2022,1,6,17.31,1.71,4.0104
2022,1,7,17.76,2.31,4.0322
2022,1,8,18.44,2.09,4.2809
2022,1,9,19.57,1.4,4.332
2022,1,10,20.32,0.97,3.5266
2022,1,11,19.97,1.88,3.1493
2022,1,12,18.43,1.79,1.656
2022,1,13,18.29,2.31,3.1416
2022,1,14,17.65,2.86,1.0111
2022,1,15,16.62,3.03,3.3394
2022,1,16,15.77,3.91,3.8597
2022,1,17,14.31,3.21,3.9329
2022,1,18,14.06,2.81,4.1234
2022,1,19,15.36,2.72,4.0121
2022,1,20,15.96,2.09,3.7354
2022,1,21,18.32,0.91,2.7811
2022,1,22,19.09,2.01,2.1391
2022,1,23,19.83,3.06,1.7753
2022,1,24,19.14,2.18,1.9973
2022,1,25,19.27,1.1,3.491
2022,1,26,18.65,1.77,3.067
2022,1,27,16.39,3.3,3.5114
2022,1,28,13.99,2.87,4.1352
2022,1,29,13.6,3.18,4.2742
2022,1,30,15.09,2.11,4.3495
2022,1,31,17.23,2.22,4.5936
2022,2,1,18.44,2.15,4.4861
2022,2,2,19.9,0.93,4.4983
2022,2,3,19.78,3.24,3.271
2022,2,4,21,5.63,1.1582
2022,2,5,17.42,3.72,4.8036
2022,2,6,15.97,2.09,5.0446
2022,2,7,16.89,1.34,4.7666
2022,2,8,18.51,1.14,4.3728
2022,2,9,19.53,1.3,3.8378
2022,2,10,20.15,2.51,1.9762
2022,2,11,19.01,3.12,3.0504
2022,2,12,17.77,1.99,4.7671
2022,2,13,17.14,2.74,5.4912
2022,2,14,17.72,2.56,5.3486
2022,2,15,18.45,1.99,5.4432
2022,2,16,18.7,2.01,5.0981
2022,2,17,19.98,2.13,4.5118
2022,2,18,19.76,2.15,4.5799
2022,2,19,19.71,2.19,5.0585
2022,2,20,20.55,3.25,2.0561
2022,2,21,20.09,2.66,4.8046
2022,2,22,21.52,1.7,4.1892
2022,2,23,22.22,1.46,4.5271
2022,2,24,22.22,3.32,4.7314
2022,2,25,22.82,2.86,3.3074
2022,2,26,23.71,1.64,5.3359
2022,2,27,24.24,1.63,4.5965
2022,2,28,24.04,2.79,5.3198
2022,3,1,24.07,1.96,4.5218
2022,3,2,23.84,2.14,5.095
2022,3,3,23.48,1.78,5.2553
2022,3,4,23.24,2.08,5.2622
2022,3,5,23.82,2.58,5.1754
2022,3,6,23.84,2.25,5.4494
2022,3,7,22.3,3.22,5.7912
2022,3,8,22.87,2.95,5.8339
2022,3,9,23.39,2.62,5.8553
2022,3,10,23.56,2.52,5.9561
2022,3,11,23.72,2.8,5.4449
2022,3,12,24.42,2.59,5.9436
2022,3,13,24.03,2.68,6.2712
2022,3,14,24.82,2.7,6.3413
2022,3,15,25.89,2.31,6.2609
2022,3,16,26.16,3.71,6.0338
2022,3,17,27.03,3.77,6.0329
2022,3,18,26.94,3.17,6.2474
2022,3,19,26.68,3.32,6.5054
2022,3,20,26.92,3.13,6.491
2022,3,21,28.14,3.34,5.9354
2022,3,22,28.91,2.68,5.5116
2022,3,23,29.17,3.22,4.7966
2022,3,24,29.08,4.56,5.5051
2022,3,25,29.09,5.42,4.2943
2022,3,26,29.68,4.81,3.6408
2022,3,27,30.09,1.77,4.9966
2022,3,28,29.51,3.33,6.0634
2022,3,29,29.68,3.92,5.8877
2022,3,30,29.57,4.8,5.2397
2022,3,31,29.86,5.22,5.1871
2022,4,1,30.16,5.97,4.9526
2022,4,2,30.16,5.45,4.1638
2022,4,3,30.01,5.12,5.2493
2022,4,4,30.38,6.85,5.1542
2022,4,5,30.1,5.86,5.545
2022,4,6,30.04,5.1,5.484
2022,4,7,30.54,4.6,6.006
2022,4,8,30.67,5.07,6.2014
2022,4,9,31.07,4.86,6.2654
2022,4,10,31.07,5.97,6.1426
2022,4,11,31.67,5.2,6.0835
2022,4,12,31.39,4.7,5.311
2022,4,13,31.06,5.79,5.9678
2022,4,14,32.09,5.45,5.3678
2022,4,15,33.32,4.65,5.731
2022,4,16,33.03,4.84,5.3369
2022,4,17,32.73,5.04,6.1932
2022,4,18,32.67,4.45,6.4802
2022,4,19,31.94,5.6,5.9086
2022,4,20,32.23,5.44,5.131
2022,4,21,31.51,4.43,5.4134
2022,4,22,32.27,4.07,4.6104
2022,4,23,33.29,4.03,6.2328
2022,4,24,33.82,3.92,6.6127
2022,4,25,33.79,3.55,6.4987
2022,4,26,33.51,5.14,6.4003
2022,4,27,33.3,5.29,6.385
2022,4,28,33.99,4.67,6.443
2022,4,29,33.92,5.08,6.1286
2022,4,30,32.8,5.43,4.7952
2022,5,1,31.04,3.95,5.5546
2022,5,2,30.07,4.23,5.4331
2022,5,3,29.69,4.09,3.845
2022,5,4,30.26,3.51,5.9201
2022,5,5,30.06,1.89,5.0971
2022,5,6,30.25,2.03,6.8045
2022,5,7,31.38,1.85,6.4265
2022,5,8,30.88,2.83,6.3089
2022,5,9,29.51,4.5,3.0617
2022,5,10,28.59,4.48,4.7309
2022,5,11,29.48,5.26,3.8477
2022,5,12,30.2,6.2,5.2733
2022,5,13,30.72,7.73,5.0916
2022,5,14,31.15,8.2,6.4042
2022,5,15,29.99,7.38,5.964
2022,5,16,30,6.81,5.9597
2022,5,17,29.58,6.37,6.2246
2022,5,18,29.79,5.91,5.9496
2022,5,19,31.01,6.18,3.9418
2022,5,20,31.3,6.03,6.6384
2022,5,21,30.96,5.07,5.7377
2022,5,22,30.01,4.94,3.3019
2022,5,23,30.81,2.79,6.4212
2022,5,24,31.34,1.54,6.053
2022,5,25,31.29,2.86,6.2866
2022,5,26,31.8,3.51,5.8826
2022,5,27,32.09,3.81,6.1337
2022,5,28,32.65,2.13,6.3686
2022,5,29,32.9,2.13,4.1218
2022,5,30,31.15,2.85,5.2776
2022,5,31,31.13,2.77,4.6714
2022,6,1,30.41,3.37,3.5669
2022,6,2,31.09,4.14,3.9564
2022,6,3,30.19,4.85,3.6948
2022,6,4,30.97,5.77,5.1787
2022,6,5,31.22,5.71,5.7293
2022,6,6,31.24,5.66,5.3057
2022,6,7,31.74,5.44,5.8387
2022,6,8,30.49,5.3,4.4568
2022,6,9,31.21,5.33,4.2475
2022,6,10,30.27,5.29,3.901
2022,6,11,30.28,5.65,2.9604
2022,6,12,30.62,5.19,5.1854
2022,6,13,31.62,6.16,5.527
2022,6,14,30.43,6.84,5.3424
2022,6,15,30.05,5.95,3.1795
2022,6,16,29.52,6.52,4.2684
2022,6,17,29.11,6.8,4.049
2022,6,18,28.68,6.69,2.4857
2022,6,19,28.71,6.15,4.297
2022,6,20,28.3,6.07,3.9
2022,6,21,28.45,3.72,5.1559
2022,6,22,28.03,3.2,3.2359
2022,6,23,28.94,2.91,4.7722
2022,6,24,28.85,4,4.0195
2022,6,25,29.32,4.51,4.3394
2022,6,26,29.11,4.22,5.4775
2022,6,27,29.52,4.03,6.2198
2022,6,28,29.41,4.02,5.5889
2022,6,29,29.39,3.92,4.4654
2022,6,30,29.21,2.86,3.4049
2022,7,1,29.2,3.1,3.4733
2022,7,2,28.76,1.94,4.2413
2022,7,3,28.53,2.84,3.8129
2022,7,4,29.11,2.39,5.4538
2022,7,5,29.29,3.06,5.2783
2022,7,6,28.48,3.78,4.0346
2022,7,7,28.81,3.48,5.772
2022,7,8,28.75,4.03,5.1031
2022,7,9,28.84,4.55,5.5951
2022,7,10,28.96,4.49,5.0707
2022,7,11,28.79,5.69,4.9224
2022,7,12,29.24,6.24,5.2073
2022,7,13,29.34,6.47,5.0484
2022,7,14,28.55,5.78,4.7681
2022,7,15,29.16,5.57,5.3407
2022,7,16,29.34,5.45,4.9315
2022,7,17,29.31,6.23,5.161
2022,7,18,29.3,5.25,5.2409
2022,7,19,29.16,4.64,5.0378
2022,7,20,29.73,4.32,4.8624
2022,7,21,29.73,3.03,4.0128
2022,7,22,28.69,2.61,4.5775
2022,7,23,28.62,3.99,3.295
2022,7,24,28.04,4.3,2.4566
2022,7,25,27.89,4.33,3.6038
2022,7,26,28.19,3.12,4.6229
2022,7,27,28.42,2.75,5.4566
2022,7,28,28.53,1.86,5.3626
2022,7,29,29.16,2.56,5.4727
2022,7,30,28.89,3.5,5.772
2022,7,31,28.63,3.73,3.9708
2022,8,1,28.83,3.05,3.137
2022,8,2,29.54,2.24,3.6658
2022,8,3,28.56,2.28,2.5459
2022,8,4,28.98,2.34,4.793
2022,8,5,29.13,2.83,4.2264
2022,8,6,28.78,2.34,4.0462
2022,8,7,29.17,3.62,5.2426
2022,8,8,28.39,5.22,3.7116
2022,8,9,28.06,6.26,4.0382
2022,8,10,27.8,5.46,2.8322
2022,8,11,27.65,2.66,3.3941
2022,8,12,28.68,1.81,5.0705
2022,8,13,28.98,3.25,5.1086
2022,8,14,27.74,7.36,1.7976
2022,8,15,27.82,6.47,3.3936
2022,8,16,28.85,3,5.7562
2022,8,17,28.96,2.69,5.845
2022,8,18,28.56,3.28,4.7957
2022,8,19,28.25,5.77,2.2186
2022,8,20,27.59,7.77,2.9731
2022,8,21,28.45,3.93,4.505
2022,8,22,28.93,2.04,5.4518
2022,8,23,28.24,1.69,3.27
2022,8,24,28.05,3.8,3.2462
2022,8,25,28.33,3.81,4.9757
2022,8,26,28.13,3.17,5.2421
2022,8,27,27.96,4.41,4.0702
2022,8,28,27.98,4.55,4.1282
2022,8,29,28.41,3.08,5.567
2022,8,30,28.66,2.14,6.3557
2022,8,31,28.54,2.99,5.7816
2022,9,1,28.04,3.15,5.3256
2022,9,2,28.23,3.02,5.9834
2022,9,3,28.73,3.65,4.8962
2022,9,4,28.62,3.02,4.3826
2022,9,5,28.56,2.39,4.223
2022,9,6,28.65,1.49,3.8359
2022,9,7,28.19,2.19,5.4528
2022,9,8,28.74,2.69,6.0362
2022,9,9,27.92,2.88,4.4842
2022,9,10,27.39,3.76,4.2197
2022,9,11,27.21,4.79,2.6422
2022,9,12,27.61,4.91,0.9655
2022,9,13,27.66,5.33,1.3934
2022,9,14,27.2,4.54,2.5042
2022,9,15,27.66,2.48,2.8282
2022,9,16,27.81,2.79,4.0306
2022,9,17,27.64,2.88,2.6419
2022,9,18,27.98,1.6,4.9322
2022,9,19,27.94,3.26,4.2396
2022,9,20,27.69,5.12,3.7442
2022,9,21,27.87,4.12,4.2912
2022,9,22,28,3.46,4.8274
2022,9,23,27.89,3.56,4.8096
2022,9,24,27.8,2.92,5.0978
2022,9,25,27.48,2.12,4.8281
2022,9,26,27.96,1.7,4.9306
2022,9,27,27.83,1.18,4.9546
2022,9,28,28.21,1.35,4.284
2022,9,29,28.42,1.3,5.3155
2022,9,30,28.29,1.85,4.8468
2022,10,1,28.3,1.52,4.4424
2022,10,2,26.67,2.11,2.5553
2022,10,3,27.26,2.78,2.7749
2022,10,4,27.43,3.83,4.3682
2022,10,5,27.51,3.2,4.0368
2022,10,6,27.1,2.91,4.2269
2022,10,7,27.04,1.77,4.8686
2022,10,8,27.55,1.58,5.6352
2022,10,9,26.82,2.28,5.1838
2022,10,10,26.55,2.25,5.2058
2022,10,11,26.8,3.02,4.5655
2022,10,12,27.05,2.26,4.3913
2022,10,13,26.71,1.73,4.9234
2022,10,14,27.53,0.91,4.2912
2022,10,15,27.18,1.98,5.459
2022,10,16,26.11,2.56,5.443
2022,10,17,26.2,2.33,5.5723
2022,10,18,26.65,2.2,4.9092
2022,10,19,25.82,2.53,3.6406
2022,10,20,25.05,3.5,5.0669
2022,10,21,24.55,3.4,5.2613
2022,10,22,25.41,3.62,5.4382
2022,10,23,24.72,3.32,3.0372
2022,10,24,23.47,6.84,0.8441
2022,10,25,25.14,2.68,4.9891
2022,10,26,25.95,1.71,5.0448
2022,10,27,25.44,1.77,4.4076
2022,10,28,23.75,2.44,4.2852
2022,10,29,23.02,2.39,4.879
2022,10,30,23.54,2.34,5.1389
2022,10,31,24.12,2.26,5.021
2022,11,1,24.45,2.45,5.125
2022,11,2,24.37,2.82,4.8382
2022,11,3,23.15,2.48,3.6163
2022,11,4,23.39,1.79,4.4131
2022,11,5,24.34,1.44,4.2821
2022,11,6,23.98,1.53,4.4345
2022,11,7,23.39,1.8,4.2396
2022,11,8,23.25,1.94,3.8626
2022,11,9,23.32,2.21,4.0898
2022,11,10,23.44,2.17,4.1544
2022,11,11,22.41,2.32,4.35
2022,11,12,22.01,2.78,4.0663
2022,11,13,20.56,2.8,4.2408
2022,11,14,19.78,2.69,4.4501
2022,11,15,19.72,2.55,4.5598
2022,11,16,19.73,2.54,4.4395
2022,11,17,20.59,2.81,4.2415
2022,11,18,19.79,3.5,3.8849
2022,11,19,18.69,3.49,3.9739
2022,11,20,19.93,3.15,3.8304
2022,11,21,19.55,3.15,4.3764
2022,11,22,19.05,2.95,4.2115
2022,11,23,18.81,2.99,4.0238
2022,11,24,18.34,3.02,4.0042
2022,11,25,17.95,3.32,4.1705
2022,11,26,18.42,2.73,4.1575
2022,11,27,18.99,2.2,4.1194
2022,11,28,19.62,2.34,4.1016
2022,11,29,20.75,2.48,3.5854
2022,11,30,20.94,2.96,3.9454
2022,12,1,19.75,3.3,4.103
2022,12,2,18.28,3.11,3.8119
2022,12,3,17.39,2.94,3.8369
2022,12,4,17.65,3.05,3.8995
2022,12,5,17.53,3.05,3.8647
2022,12,6,17.22,3.25,3.8206
2022,12,7,16.66,2.99,3.3427
2022,12,8,16.62,3.16,3.2292
2022,12,9,17.56,2.51,3.7164
2022,12,10,18.53,2.7,3.1193
2022,12,11,18.77,2.59,3.7519
2022,12,12,19.22,2.17,3.4294
2022,12,13,20.02,2.17,3.2098
2022,12,14,19.47,2.82,3.635
2022,12,15,18.43,2.5,3.7898
2022,12,16,17.26,2.92,4.1988
2022,12,17,16.21,3.02,3.9084
2022,12,18,16.26,2.96,2.9081
2022,12,19,17.75,2.9,3.2606
2022,12,20,17.72,2.58,3.1661
2022,12,21,17.32,2.71,3.1742
2022,12,22,17.15,2.41,2.8363
2022,12,23,18.56,2.12,3.6706
2022,12,24,19.54,1.71,3.7769
2022,12,25,19.64,2.51,3.4826
2022,12,26,21.06,2.27,3.6667
2022,12,27,21.94,2.49,3.0691
2022,12,28,19.82,2.86,2.3004
2022,12,29,17.01,2.4,3.372
2022,12,30,17.01,2.18,3.2959
2022,12,31,19.01,1.15,3.0307
2023,1,1,18.4,1.94,2.2951
2023,1,2,17.99,2.39,2.3107
2023,1,3,16.9,2.93,2.5044
2023,1,4,15.67,3.46,2.2973
2023,1,5,15.51,3.74,3.1843
2023,1,6,14.83,3.97,4.1141
2023,1,7,14.73,3.76,3.8414
2023,1,8,15.46,3.37,3.6252
2023,1,9,16.38,3.26,4.0282
2023,1,10,16.6,3.27,4.127
2023,1,11,16,3.1,3.8993
2023,1,12,17.09,2.33,4.0824
2023,1,13,19.29,1.8,3.1925
2023,1,14,20.47,2.17,2.6191
2023,1,15,20.02,2.35,2.5378
2023,1,16,18.65,2.56,2.7895
2023,1,17,18.49,2.24,2.424
2023,1,18,17.91,2.26,1.6769
2023,1,19,17.74,2.7,2.1324
2023,1,20,17.94,2.23,3.2278
2023,1,21,19.82,1.88,3.2796
2023,1,22,20.54,2.12,2.9942
2023,1,23,21.13,2.6,2.8102
2023,1,24,22.18,1.88,2.5726
2023,1,25,22.42,1.83,2.9453
2023,1,26,22.42,2.31,3.666
2023,1,27,22.43,3.13,4.0018
2023,1,28,21.79,3.19,4.0166
2023,1,29,20.95,3.18,4.4832
2023,1,30,21.18,2.6,4.3555
2023,1,31,20.79,3.43,3.0444
2023,2,1,21.43,4.05,3.241
2023,2,2,19.19,3.7,5.0424
2023,2,3,18.37,3.77,4.8953
2023,2,4,19.1,3.06,4.5062
2023,2,5,20.68,2.56,4.8974
2023,2,6,21.24,2.69,4.8612
2023,2,7,22.22,2.95,4.5955
2023,2,8,22.83,3.16,4.5454
2023,2,9,22.68,1.96,4.013
2023,2,10,21.93,2.34,4.6462
2023,2,11,23.73,3.36,4.5773
2023,2,12,23.51,3.36,4.9181
2023,2,13,20.88,3.39,5.9846
2023,2,14,21.22,2.12,5.5099
2023,2,15,21.01,1.91,5.0834
2023,2,16,22.37,1.24,4.7786
2023,2,17,22.7,1.67,3.2861
2023,2,18,23.08,2.01,2.6546
2023,2,19,23.83,2.23,3.7663
2023,2,20,24.74,2.89,4.0217
2023,2,21,25.7,3.33,4.1352
2023,2,22,26.35,4.51,4.967
2023,2,23,26.33,2.48,5.1991
2023,2,24,26.69,2.57,4.5437
2023,2,25,26.36,1.92,4.2355
2023,2,26,26.01,1.84,4.9558
2023,2,27,26.08,2.31,4.9193
2023,2,28,26.07,2.39,5.1365
2023,3,1,26.78,1.97,5.2591
2023,3,2,27.03,2.62,5.4019
2023,3,3,27.12,2.86,5.6052
2023,3,4,27.45,3.14,4.9349
2023,3,5,27.48,3.4,6.0269
2023,3,6,27.79,2.77,5.585
2023,3,7,28.21,2.21,5.5003
2023,3,8,28.61,1.72,4.2893
2023,3,9,27.55,2.22,4.3003
2023,3,10,27.37,1.99,2.6899
2023,3,11,28.06,1.92,3.6086
2023,3,12,28.68,1.93,4.9637
2023,3,13,29.21,1.88,5.0117
2023,3,14,28.59,4.13,3.7061
2023,3,15,28.85,3.38,3.8275
2023,3,16,26.54,3.88,3.7745
2023,3,17,25.9,2.75,1.907
2023,3,18,26.54,2.42,2.8613
2023,3,19,23.69,3.59,2.4518
2023,3,20,25.3,4.16,4.2979
2023,3,21,26.55,2.8,4.7477
2023,3,22,26.55,2.51,5.694
2023,3,23,27.44,2.11,4.992
2023,3,24,27.57,2.19,5.3074
2023,3,25,28.84,3.21,5.3326
2023,3,26,29.21,3.74,5.3136
2023,3,27,28.79,2.91,4.1124
2023,3,28,29.48,2.34,5.6698
2023,3,29,29.54,4.04,5.2195
2023,3,30,29.36,4.08,5.2673
2023,3,31,27.8,3.13,2.6818
2023,4,1,25.88,2.37,3.115
2023,4,2,27.55,2.93,6.2837
2023,4,3,29.01,3.27,6.3355
2023,4,4,29.86,3.38,6.2995
2023,4,5,30.51,3.62,5.9866
2023,4,6,30.3,2.28,6.5477
2023,4,7,30.39,2.43,6.5213
2023,4,8,30.35,2.5,6.2542
2023,4,9,30.91,2.71,6.1932
2023,4,10,31.57,2.2,5.9762
2023,4,11,31.86,2.54,6.0984
2023,4,12,31.06,3.08,7.1278
2023,4,13,32.06,3.19,7.2535
2023,4,14,33.68,2.53,6.6857
2023,4,15,33.89,1.92,5.6208
2023,4,16,33.69,1.96,5.5498
2023,4,17,33.8,3.9,6.0029
2023,4,18,34.03,3.29,5.4619
2023,4,19,34.6,3.27,5.9537
2023,4,20,34.94,3.26,6.0857
2023,4,21,34.48,4.05,4.068
2023,4,22,33.56,2.91,5.4377
2023,4,23,31.81,2.22,3.7822
2023,4,24,30.89,3.29,3.8731
2023,4,25,30.79,2.14,5.9935
2023,4,26,32,2.72,6.0583
2023,4,27,32.44,2.96,5.5956
2023,4,28,30.21,3.12,5.4235
2023,4,29,31.53,3.11,5.4142
2023,4,30,31.84,1.94,4.1952
2023,5,1,28.34,2.62,3.5554
2023,5,2,30.49,2.8,6.9161
2023,5,3,30.43,4.11,4.8398
2023,5,4,30.04,4.17,4.7362
2023,5,5,30.9,3.11,5.868
2023,5,6,31.99,2.88,5.1754
2023,5,7,32.54,3.05,6.9391
2023,5,8,33.5,3.32,6.7526
2023,5,9,33.83,3.51,5.562
2023,5,10,33.99,4.27,6.0622
2023,5,11,33.36,3.82,6.5203
2023,5,12,32.69,2.46,4.7335
2023,5,13,32.77,3.49,4.3548
2023,5,14,33.3,5.19,5.4852
2023,5,15,32.43,4.23,6.0826
2023,5,16,32.46,4.74,5.4494
2023,5,17,32.57,5.78,6.5239
2023,5,18,31.45,5.28,5.5526
2023,5,19,31.93,4.89,6.0804
2023,5,20,32.67,4.59,6.4865
2023,5,21,32.34,5.39,5.575
2023,5,22,31.88,5.71,6.593
2023,5,23,32.23,3.66,6.3826
2023,5,24,32.02,2.77,5.2594
2023,5,25,30.98,3.46,6.3828
2023,5,26,31.52,3.33,5.6278
2023,5,27,31.78,2.26,5.7535
2023,5,28,31.4,1.58,6.6106
2023,5,29,32.07,2.04,6.6643
2023,5,30,33.08,2.87,6.2153
2023,5,31,33.7,2.89,6.2424
2023,6,1,33.27,2.78,5.6494
2023,6,2,33.91,3.31,5.6402
2023,6,3,33.31,4.13,6.3782
2023,6,4,33.45,3.78,6.3871
2023,6,5,33.65,3.45,6.7973
2023,6,6,34.26,3.36,5.9227
2023,6,7,34.34,3.27,5.1847
2023,6,8,34.02,3.69,3.2597
2023,6,9,33.04,5.48,3.8122
2023,6,10,32.25,4.37,3.6636
2023,6,11,33.85,3.72,5.6155
2023,6,12,32.47,4.82,4.1534
2023,6,13,33.32,3.47,6.067
2023,6,14,33.46,5.97,6.2009
2023,6,15,35.3,6.38,5.568
2023,6,16,34.54,5.39,5.1526
2023,6,17,33.52,6.15,4.9838
2023,6,18,32.46,6.05,2.9782
2023,6,19,30.15,4.86,1.7899
2023,6,20,30.16,4.68,4.7131
2023,6,21,29.43,4.01,4.9908
2023,6,22,30.35,4.05,3.5671
2023,6,23,30.7,2.8,4.9841
2023,6,24,30.34,3.24,3.6722
2023,6,25,29.88,5.66,3.8995
2023,6,26,28.35,3.22,2.7878
2023,6,27,28.65,4.99,2.706
2023,6,28,28.62,5.56,1.2178
2023,6,29,28.16,4.33,2.2246
2023,6,30,28.95,4.01,5.0066
2023,7,1,29.74,2.88,4.2358
2023,7,2,30.01,3.85,5.4977
2023,7,3,29.26,2.96,5.382
2023,7,4,29.83,2.64,6.1944
2023,7,5,29.77,3.32,4.7527
2023,7,6,29.51,5.14,3.6684
2023,7,7,28.9,4.28,4.5031
2023,7,8,29.73,3.33,5.1394
2023,7,9,29.62,3.77,5.8658
2023,7,10,30.29,3.83,3.6672
2023,7,11,29.83,4.84,5.0945
2023,7,12,29,3.89,4.7222
2023,7,13,29.14,2.71,4.9032
2023,7,14,29.07,3.51,3.93
2023,7,15,29.58,1.9,4.7364
2023,7,16,29.21,3.89,4.4705
2023,7,17,29.39,2.93,4.2936
2023,7,18,29.06,4.24,5.2615
2023,7,19,29.42,4.73,5.2058
2023,7,20,29.71,5.05,5.4833
2023,7,21,29.25,4.37,1.7549
2023,7,22,29.16,5.16,3.7337
2023,7,23,29.36,4.74,5.359
2023,7,24,29.64,4,5.3748
2023,7,25,29.73,4.37,4.3109
2023,7,26,29.53,5.73,4.8768
2023,7,27,29.57,5.37,5.141
2023,7,28,29.68,4.33,4.5773
2023,7,29,30.27,3.13,3.685
2023,7,30,30.55,2.19,5.0604
2023,7,31,30.32,1.49,5.0549
2023,8,1,30.15,2.7,4.0423
2023,8,2,29.23,6.14,3.1759
2023,8,3,29.31,6.27,4.5713
2023,8,4,28.91,5.05,3.9564
2023,8,5,29.18,4.92,2.9206
2023,8,6,29.14,5.91,1.5223
2023,8,7,27.89,5.76,1.2866
2023,8,8,28.35,5.05,2.9558
2023,8,9,28.98,3.57,4.0618
2023,8,10,29.51,1.72,3.2402
2023,8,11,29.32,2.52,4.3435
2023,8,12,27.62,3.58,3.15
2023,8,13,28.23,2.4,2.8116
2023,8,14,29.11,1.7,4.2271
2023,8,15,28.78,1.89,4.4911
2023,8,16,29.02,2.17,4.3598
2023,8,17,28.46,2.4,3.6295
2023,8,18,28.63,4.15,4.2283
2023,8,19,28.91,4.34,5.0376
2023,8,20,28.75,3.82,5.4216
2023,8,21,28.63,3.32,5.2111
2023,8,22,28.57,4.1,3.8042
2023,8,23,28.76,2.98,2.868
2023,8,24,28.12,2.88,3.2923
2023,8,25,27.67,3.58,1.1352
2023,8,26,28.35,4.28,2.6388
2023,8,27,28.75,3.5,5.0621
2023,8,28,29.34,3.16,5.034
2023,8,29,29.29,2.18,4.9534
2023,8,30,29.73,2.03,4.7443
2023,8,31,30.03,1.31,4.308
2023,9,1,29.1,2.46,4.4429
2023,9,2,29.72,1.41,3.5861
2023,9,3,29.05,1.88,4.3906
2023,9,4,27.8,3.09,2.634
2023,9,5,28.22,3.33,3.3814
2023,9,6,28.27,3.21,4.9918
2023,9,7,28.37,3.26,3.0418
2023,9,8,27.7,3.35,2.3746
2023,9,9,28.35,2.74,5.1276
2023,9,10,28.7,2.84,5.2718
2023,9,11,28.47,1.86,4.8833
2023,9,12,29.2,1.13,3.9022
2023,9,13,28.41,4.21,4.6087
2023,9,14,28.12,5.66,2.2253
2023,9,15,27.99,3.69,3.2002
2023,9,16,29.02,1.23,4.7827
2023,9,17,29.13,1.95,5.9232
2023,9,18,28.49,1.98,3.4514
2023,9,19,28.15,2.51,3.5249
2023,9,20,27.52,3.53,2.0443
2023,9,21,27.81,5.66,1.5835
2023,9,22,27.74,4.62,2.0249
2023,9,23,27.9,3.97,3.5174
2023,9,24,27.78,2.51,2.544
2023,9,25,27.76,2.16,4.0555
2023,9,26,28.34,1.8,4.8533
2023,9,27,28.64,1.44,5.3328
2023,9,28,28.49,1.89,5.0534
2023,9,29,28.4,2.82,1.4578
2023,9,30,27.23,4.98,1.7976
2023,10,1,27.62,5.04,3.5225
2023,10,2,27.98,3.39,2.4161
2023,10,3,27.17,3.56,1.6805
2023,10,4,27.58,5.83,1.3416
2023,10,5,27.27,5.28,2.333
2023,10,6,27.6,3.47,3.7598
2023,10,7,28.32,1.65,4.0032
2023,10,8,28.53,1.99,4.7671
2023,10,9,28.33,2.37,4.4338
2023,10,10,28.59,1.96,5.0042
2023,10,11,28.49,1.76,4.7839
2023,10,12,28.26,1.71,4.919
2023,10,13,27.79,1.59,5.1283
2023,10,14,26.95,2.02,4.903
2023,10,15,25.63,2.08,5.1338
2023,10,16,26.57,1.68,4.8288
2023,10,17,27.12,0.99,4.5058
2023,10,18,26,2.21,4.3824
2023,10,19,25.37,2.37,4.8396
2023,10,20,24.57,2.56,5.1905
2023,10,21,23.84,2.9,5.4619
2023,10,22,24.56,2.45,4.2338
2023,10,23,25.25,2.28,3.0348
2023,10,24,25.4,3.68,3.3386
2023,10,25,25.33,2.7,4.721
2023,10,26,25.49,2.12,4.6418
2023,10,27,24.99,1.93,3.0955
2023,10,28,24.08,2.26,3.732
2023,10,29,23.06,2.42,4.1652
2023,10,30,23.61,2.21,4.7201
2023,10,31,24.23,1.95,4.9594
2023,11,1,24.52,2.4,5.0443
2023,11,2,25.11,2.11,4.6421
2023,11,3,25.71,1.69,4.0344
2023,11,4,26.03,1.33,3.1594
2023,11,5,25.17,2.18,3.253
2023,11,6,23.38,2.63,3.9338
2023,11,7,22.53,2.18,3.6619
2023,11,8,21.78,2.23,3.8004
2023,11,9,21.85,2.14,3.9178
2023,11,10,22.11,2.14,4.085
2023,11,11,22.36,2.32,3.9307
2023,11,12,22.35,2.69,4.0709
2023,11,13,22.02,3.03,4.3157
2023,11,14,21.79,2.77,4.3104
2023,11,15,22.32,2.54,3.8503
2023,11,16,22.64,3.09,1.4722
2023,11,17,23.92,4.97,2.0424
2023,11,18,23.99,2.12,3.827
2023,11,19,23.31,2.74,4.7016
2023,11,20,22.33,2.75,4.2348
2023,11,21,22.78,2.59,3.8928
2023,11,22,20.75,2.74,3.4601
2023,11,23,19.58,2.67,3.5815
2023,11,24,19.6,2.7,3.6278
2023,11,25,19.96,2.85,3.803
2023,11,26,20.64,3.04,4.3937
2023,11,27,20.2,2.29,3.479
2023,11,28,20.87,2.38,3.8506
2023,11,29,21.35,2.78,2.6383
2023,11,30,22.38,2.84,3.6698
2023,12,1,22.36,2.95,4.307
2023,12,2,22.73,2.68,3.9434
2023,12,3,22.81,2.74,3.3662
2023,12,4,22.46,2.68,2.339
2023,12,5,22.36,1.96,1.3992
2023,12,6,20.89,3.15,1.8214
2023,12,7,21.2,3.35,0.6437
2023,12,8,20.9,3.13,1.8386
2023,12,9,19.65,3.19,3.8006
2023,12,10,18.48,2.47,3.5875
2023,12,11,16.59,3.16,3.9017
2023,12,12,16.6,2.69,3.707
2023,12,13,17.47,2.48,3.8837
2023,12,14,16.7,2.54,3.4291
2023,12,15,15.81,2.87,3.6089
2023,12,16,15.68,2.72,3.6794
2023,12,17,15.87,2.72,3.7922
2023,12,18,15.56,3,3.5026
2023,12,19,15.57,3.24,3.5551
2023,12,20,15.73,3.39,3.6638
2023,12,21,16.69,3.06,3.5707
2023,12,22,17.92,2.56,3.4517
2023,12,23,18.83,2.43,2.8238
2023,12,24,18.43,2.63,3.1752
2023,12,25,18.87,2.45,3.3322
2023,12,26,19.26,2.32,3.3276
2023,12,27,18.96,2.42,2.9822
2023,12,28,18.64,2.49,3.1334
2023,12,29,18.39,2.91,3.7289
2023,12,30,17.96,3.3,3.8741
2023,12,31,16.84,3.32,3.5477
2024,1,1,16.18,2.9,3.3631
2024,1,2,15.56,3.11,3.6072
2024,1,3,15.79,3.07,4.1467
2024,1,4,17.39,2.47,3.8578
2024,1,5,18.15,2.61,3.5316
2024,1,6,18.86,2.6,2.9342
2024,1,7,18.62,2.93,2.9606
2024,1,8,18.58,3.16,2.9786
2024,1,9,17.33,3.22,3.5172
2024,1,10,18.13,2.36,3.732
2024,1,11,17.9,3.17,2.947
2024,1,12,14.69,3.41,3.3866
2024,1,13,14.23,3.05,3.701
2024,1,14,13.87,2.81,3.4999
2024,1,15,14.43,2.67,2.2078
2024,1,16,15.41,2.04,2.7202
2024,1,17,16.32,1.77,2.0743
2024,1,18,17.07,1.65,0.6595
2024,1,19,17.67,2.89,2.2994
2024,1,20,16.68,2.83,2.7065
2024,1,21,16.2,2.69,1.7126
2024,1,22,14.37,3.6,3.2638
2024,1,23,15.84,2.12,3.8474
2024,1,24,15.24,1.27,1.5936
2024,1,25,15.48,2.13,3.0293
2024,1,26,15,3.41,3.7471
2024,1,27,14.8,2.9,3.7488
2024,1,28,15.83,2.37,3.8506
2024,1,29,17.6,1.82,3.864
2024,1,30,18.94,2.22,3.4639
2024,1,31,20.46,1.16,2.4694
2024,2,1,20.58,1.47,1.1647
2024,2,2,20.65,2.6,2.9105
2024,2,3,19.5,2.94,3.5448
2024,2,4,19.89,2.56,4.7014
2024,2,5,20.76,2.25,4.29
2024,2,6,22.35,2.18,2.4619
2024,2,7,21.33,2.65,3.377
2024,2,8,18.73,3.18,4.9123
2024,2,9,16.66,3.21,5.3976
2024,2,10,16.93,3.17,4.5516
2024,2,11,19.35,2.61,4.6058
2024,2,12,21.75,1.93,3.6463
2024,2,13,23.14,1.74,2.695
2024,2,14,23.78,0.98,3.5539
2024,2,15,23.24,2.04,3.607
2024,2,16,22.39,3.06,3.5741
2024,2,17,21.98,2.46,4.1726
2024,2,18,22.29,1.9,3.8182
2024,2,19,22.85,2.1,3.8969
2024,2,20,24.19,2.87,3.7951
2024,2,21,25.14,2.69,4.1767
2024,2,22,25.81,2.51,2.5838
2024,2,23,23.93,2.95,3.9473
2024,2,24,23.41,2.55,3.2054
2024,2,25,23.17,2.8,2.7036
2024,2,26,22.88,2.57,4.9008
2024,2,27,23.83,2.46,4.6817
2024,2,28,24.88,2.41,4.5
2024,2,29,24.6,2.15,5.0952
2024,3,1,24.23,2.38,5.2747
2024,3,2,24.99,1.78,5.2296
2024,3,3,25.67,2.36,3.7644
2024,3,4,25.94,2.34,3.7464
2024,3,5,25.81,2.89,5.2682
2024,3,6,24.57,2.77,5.7329
2024,3,7,24.64,2.71,2.3498
2024,3,8,24.81,3.06,5.4463
2024,3,9,24.17,2.96,6.5282
2024,3,10,23.51,2.56,6.2107
2024,3,11,24.91,2.58,6.3955
2024,3,12,26.89,2.65,4.2473
2024,3,13,28.31,2.85,4.1938
2024,3,14,28.98,2.5,3.4402
2024,3,15,29.38,1.89,4.8043
2024,3,16,28.7,1.8,4.1318
2024,3,17,28.36,1.79,3.8302
2024,3,18,28.35,1.49,2.6765
2024,3,19,28.28,2.15,3.4142
2024,3,20,23.38,1.9,1.4489
2024,3,21,23.95,2.19,5.0122
2024,3,22,25,2.18,5.2476
2024,3,23,26.81,2.92,6.0379
2024,3,24,28.19,3.58,6.0557
2024,3,25,28.79,3.31,5.6374
2024,3,26,28.68,3.57,5.604
2024,3,27,29.73,2.19,5.5459
2024,3,28,29.8,1.65,5.6407
2024,3,29,30.33,2.51,5.1158
2024,3,30,31.24,3.01,5.1977
2024,3,31,31.56,3.79,5.1658
2024,4,1,31.54,3.69,6.0869
2024,4,2,31.6,2.47,6.0571
2024,4,3,31.56,2.6,5.8958
2024,4,4,32.09,3.68,5.4504
2024,4,5,32.74,3.38,5.0722
2024,4,6,33.24,2.63,5.9587
2024,4,7,32.7,2.9,2.0306
2024,4,8,31.33,4.17,3.5868
2024,4,9,31.23,2.5,5.2651
2024,4,10,31.19,1.93,3.815
2024,4,11,31.32,2.72,2.5418
2024,4,12,31.65,1.98,5.1732
2024,4,13,31.73,2.12,5.6006
2024,4,14,32.53,2.33,5.7456
2024,4,15,33.26,3.15,5.802
2024,4,16,34.28,3.55,5.9551
2024,4,17,35.06,3.27,6.2986
2024,4,18,34.79,2.7,6.8071
2024,4,19,34.38,4.14,6.9046
2024,4,20,35.24,4.56,6.7613
2024,4,21,35.18,3.41,6.2131
2024,4,22,35.67,3.22,5.7386
2024,4,23,35.28,3.71,5.8277
2024,4,24,35.14,4.11,6.3559
2024,4,25,35.45,2.8,6.5705
2024,4,26,35.25,3.01,6.1793
2024,4,27,35.84,3.46,6.3346
2024,4,28,36.03,3.18,6.1721
2024,4,29,36.37,3.93,6.4932
2024,4,30,37.25,5.39,6.4414
2024,5,1,36.68,3.62,6.5916
2024,5,2,35.88,4.01,6.4958
2024,5,3,35,2.76,6.9761
2024,5,4,33.31,4.7,6.0965
2024,5,5,33.96,6.21,6.4795
2024,5,6,32.21,6.77,4.145
2024,5,7,31.33,3.81,5.5315
2024,5,8,29.8,2.65,5.1533
2024,5,9,29.53,2.35,4.309
2024,5,10,29.3,3,4.9325
2024,5,11,30.19,3.91,4.3742
2024,5,12,30.17,2.19,5.9412
2024,5,13,30.64,1.9,6.0473
2024,5,14,31,2.46,6.1555
2024,5,15,30.78,3,6.7754
2024,5,16,31.21,2.88,5.988
2024,5,17,32.22,3.69,6.3703
2024,5,18,33.2,3.73,5.2872
2024,5,19,32.97,4.19,4.9248
2024,5,20,32.56,3.4,4.5535
2024,5,21,31.97,2.39,5.2987
2024,5,22,31.71,2.87,5.196
2024,5,23,31.89,2.52,6.815
2024,5,24,32.92,3.18,6.8628
2024,5,25,33.13,2.67,6.0725
2024,5,26,30,8.61,2.299
2024,5,27,28.1,10,0.7181
2024,5,28,30.83,3.82,4.8379
2024,5,29,31.54,6.17,4.3764
2024,5,30,31.17,6.48,4.8523
2024,5,31,30.17,5.13,2.3544
2024,6,1,30.19,4.83,5.5202
2024,6,2,30.35,4.92,5.3246
2024,6,3,29.58,3.76,4.489
2024,6,4,30.84,4.27,6.3154
2024,6,5,31.12,3.12,6.3758
2024,6,6,30.79,2.73,5.2716
2024,6,7,31.54,3.83,6.119
2024,6,8,31.97,5.27,6.1567
2024,6,9,30.88,4.54,5.8656
2024,6,10,31.15,4.67,6.2352
2024,6,11,30.16,5.46,6.0022
2024,6,12,30.93,4.95,5.1965
2024,6,13,31.04,4.89,5.689
2024,6,14,31.71,4.92,5.9563
2024,6,15,31.02,5.02,5.2186
2024,6,16,31.39,4.32,5.191
2024,6,17,31.11,5.54,4.7626
2024,6,18,31.39,6.44,3.5314
2024,6,19,29.6,5.54,2.2682
2024,6,20,30.4,4.36,3.1106
2024,6,21,29.78,2.31,2.6558
2024,6,22,30.27,2.94,4.8451
2024,6,23,30.57,3.04,5.3002
2024,6,24,30.08,3.73,5.7761
2024,6,25,30.87,3.88,6.4294
2024,6,26,30.77,3.15,5.3251
2024,6,27,29.96,3.81,3.5938
2024,6,28,30.28,3.41,2.9254
2024,6,29,29.94,3.83,3.3226
2024,6,30,29.66,4.35,2.3186
2024,7,1,29.06,5.68,2.6693
2024,7,2,29.21,5.4,1.6289
2024,7,3,28.88,5.07,3.025
2024,7,4,28.92,5.63,3.0362
2024,7,5,29.65,5.15,4.3865
2024,7,6,29.49,3.35,3.3617
2024,7,7,29.38,3.27,4.8101
2024,7,8,29.18,3.41,5.3455
2024,7,9,29.73,3.58,5.2272
2024,7,10,29.94,4.7,5.9304
2024,7,11,29.7,5.27,4.9039
2024,7,12,29.39,4.45,2.1629
2024,7,13,29.52,3.18,5.2807
2024,7,14,30.08,3.38,5.3443
2024,7,15,29.44,4.9,5.0928
2024,7,16,29.3,3,4.8566
2024,7,17,29.64,3.05,5.0616
2024,7,18,30,3.99,5.3729
2024,7,19,29.89,5.84,5.0904
2024,7,20,29.64,6.56,5.6674
2024,7,21,29.45,5.86,5.0287
2024,7,22,29.48,5.41,4.2883
2024,7,23,29.62,4.31,4.3723
2024,7,24,29.73,4.38,3.8671
2024,7,25,29.86,3.62,3.8455
2024,7,26,30.4,3.58,3.905
2024,7,27,29.57,5.72,4.2643
2024,7,28,29.74,3.33,4.6253
2024,7,29,30.04,2.71,4.8492
2024,7,30,29.1,3.96,4.3906
2024,7,31,28.58,2.94,3.9305
2024,8,1,28.58,4.3,1.0037
2024,8,2,28.26,7.19,2.1458
2024,8,3,27.75,6.5,1.9805
2024,8,4,28.73,4.51,4.1222
2024,8,5,29.13,2.97,3.8002
2024,8,6,28.28,2.28,3.5791
2024,8,7,27.98,2.71,3.9703
2024,8,8,28.2,4.31,3.1534
2024,8,9,28.6,4.02,4.2214
2024,8,10,28.24,2.97,3.0118
2024,8,11,28.85,3.19,3.0091
2024,8,12,29.02,3.03,4.6522
2024,8,13,28.97,2.56,3.3974
2024,8,14,28.56,2.14,4.0034
2024,8,15,29.19,1.58,3.8424
2024,8,16,28.45,1.26,3.0977
2024,8,17,28.19,2.71,5.3827
2024,8,18,28.11,4.62,1.5754
2024,8,19,27.72,4.11,2.1401
2024,8,20,28.84,2.71,3.1133
2024,8,21,28.61,4.05,4.2754
2024,8,22,28.28,3.28,3.2652
2024,8,23,28.54,1.42,1.1779
2024,8,24,27.17,2.92,2.6458
2024,8,25,27.06,3.53,2.537
2024,8,26,27.58,4.33,2.6162
2024,8,27,27.56,3.01,2.5382
2024,8,28,28.27,1.75,5.5891
2024,8,29,28.06,2.48,5.7917
2024,8,30,28.25,2.63,6.1046
2024,8,31,28.56,3.77,5.3426
2024,9,1,28.13,3.41,4.7566
2024,9,2,28.48,2.56,5.4034
2024,9,3,28.69,1.83,4.9502
2024,9,4,28.28,2.42,5.1542
2024,9,5,28.73,2.2,5.741
2024,9,6,28.2,2.08,5.4509
2024,9,7,28.2,2.87,5.1446
2024,9,8,28.81,3.68,4.4167
2024,9,9,28.39,4.71,4.4095
2024,9,10,28.69,4.37,4.8079
2024,9,11,29.02,1.96,4.4782
2024,9,12,28.54,3.01,2.8262
2024,9,13,27.89,3.83,1.9903
2024,9,14,27.2,7.56,1.1146
2024,9,15,27.06,7.07,1.1292
2024,9,16,27.15,6.87,1.7954
2024,9,17,27.95,3.99,5.3194
2024,9,18,28.49,1.16,5.7262
2024,9,19,28.73,2.15,4.9613
2024,9,20,29.36,1.98,5.3429
2024,9,21,29.55,1.78,4.9298
2024,9,22,28.98,2.24,5.683
2024,9,23,28.77,2.01,3.5112
2024,9,24,27.8,2.76,3.6631
2024,9,25,27.34,3.78,2.0554
2024,9,26,27.52,4.1,1.3294
2024,9,27,27.6,3.76,4.1954
2024,9,28,28.04,3.21,4.7018
2024,9,29,28.86,2.7,5.1871
2024,9,30,28.78,2.61,4.735
2024,10,1,29.22,1.95,4.4333
2024,10,2,27.29,2.86,2.3446
2024,10,3,27.88,1.92,3.3557
2024,10,4,27.29,2.62,2.2478
2024,10,5,27,1.89,3.1274
2024,10,6,27.18,2.07,3.2772
2024,10,7,27.21,1.55,4.6039
2024,10,8,27.47,1.19,4.1275
2024,10,9,27.36,2.38,4.7755
2024,10,10,27.33,2.89,4.6646
2024,10,11,27.86,2.77,4.9498
2024,10,12,28.34,2.15,4.4357
2024,10,13,27.91,1.87,3.8054
2024,10,14,27.46,1.79,4.3378
2024,10,15,28.25,0.97,3.7762
2024,10,16,28.08,1.24,3.0382
2024,10,17,28.01,2.01,3.5642
2024,10,18,27.89,1.98,3.6876
2024,10,19,27.75,1.98,2.9858
2024,10,20,26.15,2.42,4.2972
2024,10,21,25.53,2.55,3.6838
2024,10,22,25.85,2.45,4.9747
2024,10,23,25.43,3.08,2.201
2024,10,24,25.58,7.23,1.4942
2024,10,25,26.45,7.35,0.3996
2024,10,26,26.62,3.88,3.7908
2024,10,27,26.55,2.41,3.8702
2024,10,28,27.04,1.47,4.4635
2024,10,29,26.99,1.71,4.6534
2024,10,30,27.08,2.3,4.3159
2024,10,31,27.19,2.47,4.6056
2024,11,1,26.92,1.83,4.2506
2024,11,2,26.34,1.15,4.267
2024,11,3,25.89,1.13,3.7896
2024,11,4,25.73,0.95,3.666
2024,11,5,24.89,2.12,3.431
2024,11,6,25.05,1.89,4.2727
2024,11,7,25.03,2.17,4.3586
2024,11,8,24.91,1.98,4.7628
2024,11,9,24.45,2.19,4.7784
2024,11,10,23.5,2.51,5.0662
2024,11,11,23.35,2.44,3.8861
2024,11,12,24.04,2.31,4.0171
2024,11,13,23.56,2.2,4.5463
2024,11,14,22.59,2.44,3.7649
2024,11,15,21.92,2.41,3.8558
2024,11,16,21.11,2.52,4.0831
2024,11,17,21.38,1.61,4.068
2024,11,18,21.17,1.62,3.9504
2024,11,19,20.51,1.95,4.0066
2024,11,20,20.33,2.11,4.1806
2024,11,21,21.8,1.62,3.8345
2024,11,22,21.03,1.98,3.6859
2024,11,23,20.84,2.12,3.1819
2024,11,24,20.37,1.83,2.9791
2024,11,25,20.3,1.83,2.7463
2024,11,26,19.64,1.96,3.307
2024,11,27,19.49,2.41,3.545
2024,11,28,20.2,2.94,3.9782
2024,11,29,20.93,2.76,2.7533
2024,11,30,21.18,2.59,1.673
2024,12,1,20.81,2.82,3.3341
2024,12,2,20.48,2.47,2.2078
2024,12,3,20.86,2.5,3.103
2024,12,4,20.45,1.92,3.7577
2024,12,5,20.97,1.61,3.7274
2024,12,6,19.99,1.76,3.8729
2024,12,7,18.86,1.97,4.008
2024,12,8,18.67,2.03,3.833
2024,12,9,18.02,1.68,2.4941
2024,12,10,19.18,2.43,2.9537
2024,12,11,16.5,3.12,2.7886
2024,12,12,15.38,3.13,3.6847
2024,12,13,15.02,2.91,3.755
2024,12,14,14.1,3.2,3.87
2024,12,15,14.34,3.26,4.1047
2024,12,16,15.98,2.3,4.0567
2024,12,17,16.97,2.67,3.577
2024,12,18,17.31,2.54,3.5573
2024,12,19,17.76,2.52,3.7387
2024,12,20,18.13,2.36,3.1152
2024,12,21,17.48,2.02,1.3166
2024,12,22,18.1,2.48,3.6787
2024,12,23,17.59,2.95,3.7692
2024,12,24,18.76,1.98,3.1946
2024,12,25,18.68,2.14,2.2639
2024,12,26,19.11,2.73,3.503
2024,12,27,18.84,2.99,3.7428
2024,12,28,19.54,1.94,3.9821
2024,12,29,20.9,1.63,3.4937
2024,12,30,20.26,2.44,3.4778
2024,12,31,16.83,3.65,3.1812
2025,1,1,15.05,3.54,3.3862
2025,1,2,14.46,3.5,3.8534
2025,1,3,14.42,2.9,3.2904
2025,1,4,15.71,2.78,2.9042
2025,1,5,16.84,2.24,2.7406
2025,1,6,18.55,1.64,3.3336
2025,1,7,18.27,2.7,3.0264
2025,1,8,15.76,3.25,3.0024
2025,1,9,15.2,2.8,3.7548
2025,1,10,14.83,2.82,3.6727
2025,1,11,15.73,2.46,3.8702
2025,1,12,17.84,1.74,4.3037
2025,1,13,18.47,1.57,3.5633
2025,1,14,18.61,2.93,2.8248
2025,1,15,16.97,3.51,3.3415
2025,1,16,16.77,2.98,4.0493
2025,1,17,17.76,3.2,4.1467
2025,1,18,17.98,2.94,4.1134
2025,1,19,17.62,3.31,4.4198
2025,1,20,17.11,2.6,4.6346
2025,1,21,18.44,2.08,4.3409
2025,1,22,19.39,1.92,4.2442
2025,1,23,20.28,1.56,3.3017
2025,1,24,20.52,1.81,3.0866
2025,1,25,19.95,1.96,1.9546
2025,1,26,17.71,2.84,4.0666
2025,1,27,17.6,2.21,4.4774
2025,1,28,18.86,1.14,3.9058
2025,1,29,19.92,2.14,2.7586
2025,1,30,21.95,3.94,2.6851
2025,1,31,21.98,2.73,2.0623
2025,2,1,23.51,1.98,1.7388
2025,2,2,23.11,1.97,1.356
2025,2,3,22.45,2.17,3.3905
2025,2,4,21.14,2.01,4.3092
2025,2,5,22.73,2.02,3.9242
2025,2,6,22.89,3.17,3.865
2025,2,7,19.73,2.92,5.5186
2025,2,8,18.69,2.6,5.4002
2025,2,9,19.28,2.19,5.1
2025,2,10,21.21,2.29,4.8355
2025,2,11,22.23,2.97,4.2554
2025,2,12,24.04,2.15,3.7987
2025,2,13,23.9,2.62,4.1052
2025,2,14,20.56,2.68,5.423
2025,2,15,21.55,2.02,5.4658
2025,2,16,22.35,2.84,5.0148
2025,2,17,23.71,2.91,4.637
2025,2,18,25.14,1.59,4.4616
2025,2,19,24.78,1.64,3.4999
2025,2,20,24.43,1.65,1.249
2025,2,21,24.53,1.79,4.6855
2025,2,22,25.03,2.86,3.9466
2025,2,23,24.67,2.32,3.9998
2025,2,24,23.73,2.25,4.1218
2025,2,25,23.92,2.04,4.02
2025,2,26,23.42,2.23,4.2938
2025,2,27,24.28,1.79,4.1702
2025,2,28,25.37,1.74,4.2571
2025,3,1,26.05,3.9,5.1511
2025,3,2,25.99,3.2,4.8226
2025,3,3,27.37,2.23,4.3942
2025,3,4,26.19,2.58,5.7986
2025,3,5,25.53,2.91,5.9897
2025,3,6,23.06,2.85,6.3504
2025,3,7,22.78,2.7,6.4116
2025,3,8,24.46,3.3,5.4624
2025,3,9,26.06,2.57,5.3158
2025,3,10,26.93,2.06,5.4878
2025,3,11,26.76,3.81,5.766
2025,3,12,27.98,3.41,5.9722
2025,3,13,28.98,4.07,5.8694
2025,3,14,29.57,3.16,5.365
2025,3,15,30.23,3.27,5.2452
2025,3,16,30.67,3.26,5.6016
2025,3,17,29.16,3.44,4.446
2025,3,18,28.92,3,5.365
2025,3,19,28.88,2.47,5.4286
2025,3,20,29.08,3.03,3.4488
2025,3,21,28.01,2.21,3.6982
2025,3,22,25.92,3.01,2.0801
2025,3,23,27.14,1.24,3.9907
2025,3,24,26.97,1.99,5.652
2025,3,25,27.55,2.33,5.6016
2025,3,26,28.37,3.99,6.101
2025,3,27,29.37,3.32,6.3804
2025,3,28,29.99,3.64,6.4658
2025,3,29,30.83,3.14,6.0641
2025,3,30,30.48,2.76,5.3822
2025,3,31,30.31,3.7,4.9673
2025,4,1,29.96,4.49,5.5795
2025,4,2,30.26,3.53,5.5747
2025,4,3,30.7,2.7,5.5135
2025,4,4,31.86,3.48,3.8112
2025,4,5,31.54,2.98,5.8138
2025,4,6,31.43,4.87,5.6724
2025,4,7,30.85,3.78,5.6815
2025,4,8,29.37,3.25,5.7449
2025,4,9,30.42,3.59,6.3151
2025,4,10,29.95,3.81,5.9304
2025,4,11,29.6,2.6,6.1913
2025,4,12,29.7,3.15,5.5224
2025,4,13,29.2,1.69,6.0012
2025,4,14,29.63,1.87,4.9558
2025,4,15,30.09,1.69,6.2323
2025,4,16,30.17,3.58,4.8252
2025,4,17,30.36,3.89,5.021
2025,4,18,29.29,3.07,3.7231
2025,4,19,30.31,2.7,4.9457
2025,4,20,31.57,3.92,5.2063
2025,4,21,32,5.31,4.697
2025,4,22,32.56,5.19,5.4931
2025,4,23,33.12,4.77,6.7145
2025,4,24,32.81,5.32,6.0521
2025,4,25,32.93,5.13,5.7144
2025,4,26,32.57,6.15,6.378
2025,4,27,32.27,3.95,4.8463
2025,4,28,30.87,1.58,3.8393
2025,4,29,29.3,1.81,6.1123
2025,4,30,29.53,1.54,3.9478
2025,5,1,29.29,0.96,6.649
2025,5,2,29.41,1.64,6.8489
2025,5,3,29.92,3.05,6.4668
2025,5,4,30.19,2.86,5.4182
2025,5,5,30.63,2.96,6.4013
2025,5,6,31.37,2.95,4.9654
2025,5,7,31.54,2.8,6.5575
2025,5,8,32.39,3.67,6.2988
2025,5,9,33.1,2.49,6.2746
2025,5,10,33.95,3.12,6.4373
2025,5,11,34.18,3.58,6.0497
2025,5,12,34.44,4.4,5.2147
2025,5,13,32.77,4.54,5.4617
2025,5,14,33.42,5.19,6.0271
2025,5,15,32.54,5.15,5.1257
2025,5,16,32.01,4.99,5.4074
2025,5,17,31.32,4.73,5.537
2025,5,18,30.82,4.23,3.9504
2025,5,19,31.18,4.01,5.6782
2025,5,20,31.12,4.57,6.0403
2025,5,21,30.94,4.78,5.8606
2025,5,22,29.64,1.86,5.6945
2025,5,23,29.97,1.48,4.225
2025,5,24,29.81,1.34,4.5372
2025,5,25,28.2,2.76,4.4208
2025,5,26,29.36,3.02,2.8865
2025,5,27,28.72,4.36,3.7704
2025,5,28,29.02,3.21,4.6248
2025,5,29,29.05,4.7,2.5862
2025,5,30,30.71,5.76,4.6022
2025,5,31,29.91,4.73,4.3627
2025,6,1,31.56,4.5,5.2915
2025,6,2,31.71,3.6,5.7199
2025,6,3,31.73,4.18,5.6369
2025,6,4,30.9,2,4.23
2025,6,5,30.63,2.25,4.3733
2025,6,6,30.81,2.03,5.4329
2025,6,7,30.86,2.26,6.5813
2025,6,8,31.15,2.49,6.1039
2025,6,9,31.18,2.28,5.9191
2025,6,10,30.33,2.91,5.5092
2025,6,11,29.71,2.68,5.0998
2025,6,12,30.63,2.89,6.0187
2025,6,13,30.84,3.29,6.223
2025,6,14,31.02,3.54,5.9801
2025,6,15,29.65,2.09,3.1315
2025,6,16,28.46,3.36,4.5626
2025,6,17,28.3,5.61,1.7453
2025,6,18,28.4,6.24,1.3195
2025,6,19,28.12,8.44,2.5022
2025,6,20,29.12,5.4,1.8934
2025,6,21,30.13,4.09,4.0829
2025,6,22,29.31,3.17,2.3242
2025,6,23,28.78,2.92,4.7659
2025,6,24,29.29,3.17,5.0242
2025,6,25,29.18,4.83,4.7645
2025,6,26,28.89,4.81,4.5804
2025,6,27,29.23,4.5,3.4915
2025,6,28,28.57,4.28,1.6625
2025,6,29,29.26,1.4,3.707
2025,6,30,28.3,3.09,3.5208
2025,7,1,29.01,3.7,4.7028
2025,7,2,29.14,2.59,4.7218
2025,7,3,29.04,3.66,4.1232
2025,7,4,28.58,3.48,2.1168
2025,7,5,28.7,4.77,3.7927
2025,7,6,27.86,6.28,2.3902
2025,7,7,28.02,4.72,2.2613
2025,7,8,27.63,2.98,1.4674
2025,7,9,27.45,4.58,1.6678
2025,7,10,28.33,4.69,3.521
2025,7,11,28.59,2.7,4.3342
2025,7,12,28.87,2.27,4.8965
2025,7,13,28.98,2.09,3.6557
2025,7,14,28.1,3.23,1.9133
2025,7,15,28.48,6.19,1.794
2025,7,16,28.35,3.88,2.7826
2025,7,17,28.33,2.92,5.1118
2025,7,18,28.77,3.18,4.3387
2025,7,19,28.96,3.06,4.7414
2025,7,20,29.14,3.04,4.5199
2025,7,21,29.09,1.68,5.423
2025,7,22,29.81,1.93,5.7804
2025,7,23,30.34,1.85,6.0492
2025,7,24,29.62,1.65,3.1303
2025,7,25,28.46,6.42,2.6064
2025,7,26,28.92,6.27,3.5551
2025,7,27,29.01,4.64,4.9231
2025,7,28,29.06,3.9,2.0969
2025,7,29,28.09,3.73,3.2484
2025,7,30,28.35,3.74,2.621
2025,7,31,28.17,3.89,1.446
2025,8,1,29.08,3.86,4.2449
2025,8,2,28.67,3.86,4.1093
2025,8,3,28.6,3.95,4.5326
2025,8,4,28.39,3.27,3.3286
2025,8,5,28.47,2.53,3.3132
2025,8,6,28.07,3.26,2.1365
2025,8,7,28.2,3.36,2.3345
2025,8,8,27.34,4.96,2.3102
2025,8,9,28.11,4.07,4.6166
2025,8,10,28.36,3.64,5.6873
2025,8,11,29,3.4,4.8775
2025,8,12,29.24,2.73,4.6123
2025,8,13,28.54,3.36,3.1745
2025,8,14,27.7,3.5,3.3914
2025,8,15,27.95,3.52,4.7064
2025,8,16,28.12,2.8,5.8651
2025,8,17,27.91,3.44,4.6505
2025,8,18,27.63,5.08,4.4573
2025,8,19,27.83,5.2,3.8496
2025,8,20,27.78,3.6,2.0436
2025,8,21,27.58,2.35,1.2113
2025,8,22,27.73,3.76,1.301
2025,8,23,27.18,6.56,1.7131
2025,8,24,27.82,4.43,2.9026
2025,8,25,28.34,2.15,4.2818
2025,8,26,27.8,2.78,5.3342
2025,8,27,28,3.91,4.4784
2025,8,28,28.25,4.6,4.8919
2025,8,29,27.8,3.72,3.4087
2025,8,30,27.92,2.49,4.404
2025,8,31,28.73,1.6,5.4269
2025,9,1,28.72,1.55,5.0971
2025,9,2,28.07,3.42,3.3919
2025,9,3,27.87,5.6,3.1082
2025,9,4,27.54,3.23,4.5802
2025,9,5,27.22,2.2,5.1924
2025,9,6,27.84,2.24,5.6791
2025,9,7,28.34,2.04,5.2586
2025,9,8,28.16,2.36,5.6952
2025,9,9,28.34,2.4,5.3813
2025,9,10,28.7,2.53,5.6136
2025,9,11,28.37,2.11,4.812
2025,9,12,27.87,2.16,4.0452
2025,9,13,27.74,2.48,4.458
2025,9,14,27.85,2.35,2.6393
2025,9,15,27.26,2.57,3.2314
2025,9,16,27.37,3.26,3.4675
2025,9,17,27.71,2.79,4.2989
2025,9,18,28.56,2.79,5.4588
2025,9,19,28.03,2.01,4.2266
2025,9,20,28.02,1.4,2.4163
2025,9,21,28.18,1.25,4.0927
2025,9,22,27.67,1.8,2.0083
2025,9,23,26.53,4.17,3.1572
2025,9,24,27.78,3.31,4.6721
2025,9,25,28.12,2.09,5.4024
2025,9,26,27.85,4.01,4.4652
2025,9,27,28.07,4.2,4.7182
2025,9,28,27.42,2.77,5.1014
2025,9,29,28.47,1.31,5.3906
2025,9,30,29.09,1.47,5.2346
2025,10,1,28.57,2.19,3.9288
2025,10,2,27.58,4.76,1.848
2025,10,3,27.63,4.8,2.057
2025,10,4,27.78,4.51,3.6667
2025,10,5,27.41,2.47,2.1252
2025,10,6,27.17,1.01,2.9911
2025,10,7,27.12,1.57,3.983
2025,10,8,26.81,1.61,3.8808
2025,10,9,27.13,1.65,3.9559
2025,10,10,26.49,2.31,3.2875
2025,10,11,26.24,2.58,4.6661
2025,10,12,25.96,2.21,5.1216
2025,10,13,25.8,2.66,5.1058
2025,10,14,25.77,2.62,5.3945
2025,10,15,24.85,2.75,5.2783
2025,10,16,24.26,2.32,5.0239
2025,10,17,24.92,1.6,4.8977
2025,10,18,25.51,1.85,4.6606
2025,10,19,26.43,2.29,4.776
2025,10,20,26.33,2.44,5.1643
2025,10,21,25.78,2.6,5.5411
2025,10,22,25.97,2.26,5.4101
2025,10,23,26.41,1.67,5.2889
2025,10,24,26.94,1.07,4.9195
2025,10,25,26.93,1.28,4.4294
2025,10,26,27.08,1.35,4.32
2025,10,27,27,2.15,4.627
2025,10,28,27.33,2.64,4.2754
2025,10,29,26.99,2.92,1.3205
2025,10,30,27.17,2.71,3.6833
2025,10,31,27.24,3.32,4.116
2025,11,1,27,2.68,3.1034
2025,11,2,25.36,3.33,2.8997
2025,11,3,24.22,2.6,4.3711
2025,11,4,23.11,2.97,3.504
2025,11,5,22.53,2.73,4.1297
2025,11,6,23.88,2.16,3.7997
2025,11,7,23.71,2.99,4.0531
2025,11,8,21.04,3.81,4.7474
2025,11,9,19.98,2.91,4.6375
2025,11,10,20.14,2.77,4.415
2025,11,11,18.97,2.61,4.3361
2025,11,12,18.67,2.51,4.4172
2025,11,13,19.09,2.44,4.2874
2025,11,14,19.18,2.57,4.392
2025,11,15,19.11,2.66,4.3543
2025,11,16,19.04,2.85,4.2833
2025,11,17,19.39,2.93,4.4515
2025,11,18,19.84,2.54,4.8096
2025,11,19,20.41,2.48,4.5677
2025,11,20,20.43,2.57,4.5439
2025,11,21,20.77,2.18,3.8971
2025,11,22,20.89,1.69,3.2726
2025,11,23,20.73,1.73,3.4704
2025,11,24,19.07,3,3.7337
2025,11,25,17.93,3.03,3.7812
2025,11,26,17.69,3.01,3.6134
2025,11,27,18.29,2.63,4.2703
2025,11,28,19.01,2.43,4.6166
2025,11,29,19,2.41,4.1033
2025,11,30,19.35,2.13,3.6362
2025,12,1,18.36,2.09,2.9578
2025,12,2,19.48,2.29,3.0739
2025,12,3,18.36,2.58,2.7619
2025,12,4,17,2.97,3.4344
2025,12,5,16.35,3.43,3.9199
2025,12,6,15.49,2.96,4.0747
2025,12,7,15.74,2.99,3.8129
2025,12,8,16.02,2.46,3.1354
2025,12,9,17.08,2.84,3.0658
2025,12,10,17.16,3.02,3.4565
2025,12,11,16.03,2.87,3.7087
2025,12,12,16.24,2.6,3.4944
2025,12,13,16.75,2.65,3.5933
2025,12,14,17,2.92,4.195
2025,12,15,16.84,2.85,4.2286
2025,12,16,17.09,2.77,3.6742
2025,12,17,16.62,3.01,3.3086
2025,12,18,16.79,2.85,3.7932
2025,12,19,16.83,2.88,3.7565
2025,12,20,16.32,3.3,2.5162
2025,12,21,15.91,2.75,2.3266
2025,12,22,16.24,2.99,2.743
2025,12,23,15.9,2.68,3.7649
2025,12,24,15.47,2.65,3.0794
2025,12,25,14.32,3.03,3.0197
2025,12,26,14.04,3.06,3.1649
2025,12,27,14.13,3.18,3.223
2025,12,28,14.21,3.1,3.0118
2025,12,29,13.26,2.96,1.7189
2025,12,30,13.27,2.92,2.7228
2025,12,31,13.8,2.23,3.9185
